1-stan-1290	14	.		Après	qu’il	eut										tout	dépensé					,	il	survint				une	grande	famine	"dans
            "	ce	pays	là	,	et	il				commença	à	tomber					en					nécessité																			
2-auve-1239	14	. —		Apréz	qu’	aguét								mandza		tout						,		se faguét senti				la		lamina	per	"tout
            "	païs	aquer	,	é	zer				couminquét	à	connusse						lou				bezon																			
3-wall-1255	14	.		Kwan	il	eut	tôt	but	et					magny		tôt						,		arrive				ine	"grande
            "	famenne	divins	l’	pays	ousse qu’il esteu		et		vola qui			k’mince	a	z’avu										faim																			
4-wall-1255	14	.	Et	kwand	qu’il	oût										tôt	duspandou			à fait				sorvinve				"onne
            "	foite	famine	d’vin	ci	pai	là	.	Et	i				kminça	à	s’trové					ol					misere																			
5-wall-1255	14	.	Et	après	qu’il	a ïeu										tôt	tappé						est	sorvinu				one	grande	famenne	dains	ç‘	païs	là		et	il a				commainci	"a
            "	s’trové					dains	l’				misère																			
6-wall-1255	14	.		Quand	il	a				ç’qu’il avoit à maulvaut 						tout	assillé					,	il	arrive				ein	terrible	"famene
            "	d'veins	é	païs	là		et	i				k’menche	à	senti						l’				misere																			
7-camb-1242	14	.	Et	apré		avoir										tout	depinsé					,	il	arriva				inné	"gréende
            "	faminne	dins	ch’	Pa-is	la		et	i				k’mincha	a	été					dins	inné	gréende			misère																			
8-arto-1238	14	.		Abord	qu’il	o eu	tout	bu	,				tout	mié	et	tout	"drêlé
              "					,	il o	v’nu	adonc			ainn’	cruüelle	famaine	dains	ch’	pahis	lo	,	et	"i
            "				c’mainchouait													d’avoir fon-ye d’pon-ye																		
9-arto-1238	14	.		Après	qu’i	eu								mié		tout						,	i n’	ia u				eune		digette	den	"che
            "	paï	là	,		y						manquo					de	tout																							
10-arto-1238	14	.		Quand	il l’	a eue										tou	dépinçai					,		arriva				une	grande	"famaine
            "	in	che	paays	là		et	il				commincha	a	quére					din	l'				misére																			
11-wall-1255	14	.		Apré		aboit										tou	guernouï					,	y l’	é veneu				in	grand	foin	"din
            "	s’	pay	la		et	yl’e				queminchy	à	lemé					din	un				digette																			
12-lorr-1242	14	.		Etpré	que lé	evu										tourtou	dépainaye					,	lè	airivaye				ainne	grande	"faimaine
            "	dans	ce	pays	let	,	et	lé				coumanci							dooit					béson																			
13-lorr-1242	14	.		Eprès		avoit										tortot	dépensé					,		"erriveu
            "				eune	grande	femine	dans	lo	peis	lè		e	i				commenceu	à	cheur					dans	lè				nécessité																			
14-lorr-1242	14	.		Epret	qu'	lo								mengi		tortot						,		érivet				le		fémine	da	lo	"péïs
            "	let	,	et	i				cmancé	è	chare					da	lo				besa																			
15-lorr-1242	14	.	Et	pré	que	l’ou										tortot	deparet						é let	rivé				enne	"grande
            "	famine	da	lo	peï	la		é	let				quemaré	et	setli						lo				besa																			
16-alem-1243	14	.		Aiprai	quet	l’ut										tôt	dissipai						et	survenie				enne	"grande
            "	faimine	en	si	pays	li		et	ait lai				quemençai	ai	senti						le				besoin																			
17-fran-1270	14	.		Quand	al	avu								mingie		to							a Y a	survenu				ne		famene	dans	"le
            "	payis	la		et	a				quemonça	de	sontir						lo				besoi																			
18-fran-1270	14	.		Apré	qu’al	ut								mingie		tôt						,	al y	arrivi				ène	gran	"Famène
            "	dans	lo	païs		,		a				quemence														lu meume à mencâ 																	
19-fran-1270	14	.		Quand	el	eut								mégie		tortot							ô	venu				eue	grande	"disette
            "	dans	lo	pays		,	et																				feut pris de let faim 																
20-fran-1270	14	.	Per	èprée	qu’èl	eu										to	dissipa					,		vequi				eine	"Grand'
            "	feimeinne	en	ç’	peiy	lei		èt	é				quemencèt	è															eivoi las dents longues															
21-fran-1270	14	.		Aipré	qu’	ai						feù				tout	daipensai					,		vint				une	grante	"Fameigue
            "	en	ce	paii	là		et	ai				commençai	ai y	aivot	bé									besoin																			
22-fran-1270	14	.		Aipre	Que l’	eut										tout	daipensie						lie	survint				ne	"grand
            "	faimine	en	ç’	pays			et	v				commencet	ai	chère					dans	lou				besoin																			
23-bour-1247	14	.	Et	aiprès	qu’ol	oeu										tout	dépancé					,	o	vené				eune	"grande
            "	faiméne	an	ce	pays	lel	,	et	lu				coumouencé																	D'aivoir couéte														
24-poit-1241	14	.		Quante	v’	agué								mangea														une	grande	famine	dain	l’	pay	antveirre oû y aguét	,	a	eux				commencé	à	santire					pre	la		première vé la		misère																			
25-limo-1246	14	.	Et	après		avei										tout	depunsa					,		"arrivé
            "				une	grande	famine	din	kiau	paï			et	où				commincé	à	toumba					din	la				nécessita																			
26-poit-1241	14	.		Après	qu’il	ayit								mangé		tôt						,	o	seurvenit				ine	"grand
            "	famine	dans	tchau	paye			et	i				coumincit	à	chère					en					nécessite																			
28-poit-1241	14	.		Après	qu’ou l’	aguit								mangé		tout						,	o	venit				une	"grande
            "	famine	dans	keû	pays			et	y				commencit	à	devenir					bien				pauvre																				
29-poit-1241	14	.		Après	ch’il	ogut										tout	dépensé					,	il	avingit				ine	grand	famine	dans	chios	pays	là	,	et	il						chésit					dans	une	si grande			nécessité																			
30-poit-1241	14	.		Après	qu’i l’	auguit								mangé		tou						,	y	veinguit				une	"grande
            "	famine	dans	quiou	pays			et	y					se	trouvit					dan	la				prauveté																			
31-limo-1246	14	.		Quan	il	aguit										tout	fricassé					,	y	arrivit				une	grand	"famine
            "	dan	ichou	payi			et																							la fagn ne tarsit pas de le oprinque													
32-limo-1246	14	.		Après	qu’au	aye										tout	deïpensa							Aüou survengiéuno					"grando
            "	famino	din	keou	païs			é	aüou				coumencé	à	senti						lo				dizèto																			
33-limo-1246	14	.		Apres	qu’	oôugue										toût	deypensa						qu’	àribe				uno	"grando
            "	famino	din	queou	païs	laï	,	et	oou				coumencé	à	manquais																													
34-lang-1309	14	.		Oprès	qu’	oguait										tout	despensa					,		survenguoit				uno	"grando
            "	fomino	dins	oquel	poïs		,	et	el				coumensoit	o	toumba					en					nécessitat																			
35-limo-1246	14	.		Quan	v’	agué								meingêt		tou						,	"quo y
            "	agué				uno	grande	famine	din	lé	pay	ainté v’airo			qui hu				coumeincét	a	"sainti
            "						l’				indigenço																			
36-limo-1246	14	.		Quand		aûguet										tout	choba					,	ko	vinguet				no	grando	"fomino
            "	dis	queû	poys			et	queû		drolé		coumencet	a	junas																													
37-limo-1246	14	.		Après	que au	agué										tout	dépensa					,	au	aribé				uno	"grando
            "	famino	dis	queu	pâyis			et	eü				coumencé	à	elré					dins	l’				indigenceo																			
38-auve-1239	14	.		Quant	z’	ague										tout	sabô							vingué					grandô	faminô	guien	que	pays	unô	,	et	ïau				coumeinqué	de	manqua																	de tou												
39-lang-1309	14	.		Quond		oguet										tout	ocovat						s’	élévet				une	grondo	famino	"dins
            "	oquel	poys			et	heil se				trouvet							din	lo				miséro																			
40-lang-1309	14	.		Oprès	qu’	ochèt										tout	ocobat					,		subenguèt				une	grando	"fomino
            "	dins	oquel	poï															de	tout												sé el fousquet talomen desperbesit											
41-lang-1309	14	.		Quan	b’	ajec										tout	acabat						y	ajec				une	grando	famina	"din
            "	lou	païs			e					coumancec																					à pati										
42-limo-1246	14	.	É	après	qu’	aougut										tout	fenit					,	y	bengut				une	grande	famine	den	aquet	peïs	é		et					commencét	à	manca																													
43-gasc-1240	14	.		Quand	n’	aougouc					pas mes arre 											,	üo	boutec					gran’	famino	en	acquêt	païs		,	é	Lou maynat que 				coumencec	à	senti						lou				besouy																			
44-lang-1309	14	.		Éaprex	qu’	ajec										tout	acabat					,		surbenguec				uno	grando	famino	dins	aquel	païs		,	é	el				coumenceq	de	manqua						del				necessari																			
45-lang-1309	14	.	Et	quant		aüec										tout	despensach					,		arrivée				io	forto	"famino
            "	en	aquech	pays		,	et	eich				coumensec	de	manca																				de nourrituro									
46-lang-1309	14	.		Aprèp	qu’	ajec										tout	dèspènsat							surbenguèc				uno	"grando
            "	famino	dins	aquèl	pays			et	èl				coumensèc	à	toumba					dins	la				nècèssitat																			
47-lang-1309	14	.	Et	quand		ageg										tout	despensat					,		arribeg				una	granda	famina	dins	aquel	"pais
            "			et	el				commenseg	d'	estre						en				nécessitat																			
48-lang-1309	14	.	Et	quant		ageg										tout	despensat					,		arribeg				una	granda	famina	dins	aquel	"pais
            "		,	et	el				coumenseg	d’	estre						en				nécessitat																			
49-cata-1291	14	.	Y	despres	de a ver											tot	malesmersat							vengue					forte	fam	en	aquella	païs	part de	,	y	ell mateix				commensa	à	famejar																													
51-lang-1309	14	.	Et	quand		ajéc										toutosa	acabât	fourtuno bénguée						tarriplo				"uno
            "		famino	dins	lé	pays	ount éro	,	et						sé	béjéc																					"réduit él mêmes à la camiso
            "								
52-lang-1309	14	.	Et	apres	qu’	aget										tout	despensat					,		benguet				uno	"grando
            "	famino	dins	aquel	païs			et					coumencet	d’	estre					dins	lou				besoun																			
53-lang-1309	14	.		Quand		aget										tout	acabat					,		arribet				una	Granda	famina	dine	aquel	païs			et	el				coumencet																					à pati										
54-lang-1309	14	.		Aprép	qu’	ajet										tout	despensat					,		arribet				uno	grando	"famino
            "	dins	aquel	païs			et	el				coumencet	a	senti		toutes				lous				besouns																			
55-lang-1309	14	.		Après	qu’	aguét										tout	despensat							arribét				uno	grando	"famino
            "	din	aquel	peïs			é	el				commencét	d’	éstrè		dénuat			din	l'				endigenço																			
56-lang-1309	14	.		Après	qu’ou	aget										tout	dissipat					,		survenguet				une	"granda
            "	famina	din		peys			é	el				séguet		talamen					de	tout																							
57-auve-1239	14	.		Quant		aguet											atchaba					,	y	aguet				una	grande	tchares	dins	aquei	pays			et												zei	aviot				fon																			
58-viva-1235	14	.		Quon	ou	agué											touldéigalaubea					,		vengué				uno		famino	"dins
            "	oquel	poïss			é	li						troubé					de	tout				desana																			
59-viva-1235	14	.		Quant	ol’	oguait										tout	achaba							avainguait				una	"granda
            "	famina	ein	quelou	patiis			et	o				commençait	a	eitre					dien	la				misère																			
60-prov-1235	14	.	Et	quan		aghé										tout	acaba					,		survenghé				uno	grando	famino		Din-c-aqhel	"péïs
            "			et	el						toumbé					din	lou				besoun																			
61-prov-1235	14	.		Qan		aghé										tout	acaba					,		survënghé				une	grando	famino	"dëdin
            "	aqël	pëis			ë							trouvé					din	la				misëro																			
62-prov-1235	14	.	Et	quand		aguet										tout	acabat					,		Si Fet Sentir				uno	grando	famino	dins	aqueau	pays			et							toumbet		tout à fet			dins	la				miseré																			
63-prov-1235	14	.		Quand		aguét										tou	acaba					,		arribet				uno	grosso	famino	"dins
            "	aqueou	païs	Et leou, leou	,								veguét		reduech	à		la	derniero				misèro																			
64-prov-1235	14	.		Quan		agué										tou	fricassa					,		vingué				une	grande	famine	din	aquéou	péys	d'aqui	,	é					coumencé						dé	manca	dé											tou												
65-viva-1235	14	.		Quan		agué								mangea							Soun patrimoiné	,		vengué				uno	"grando
            "	famino	din	lou	pays	vount'éro	;	et					coumencé						dé	manqua	dé											tout												
66-viva-1235	14	.		Après	qu'	agué									agu	tout	counsuma					,		survengué				uno	"grando
            "	famino	din	aqueou	païs	D’aqui é fugué									talomén		destitua		dé	toute	chiaouso																							
67-viva-1235	14	.		Apré	qué y	agué										tou	déspéndu					,	y	agué				une	gran	"famine
            "	dins	aquéou	païs																																é bén léou sé végué emé rén							
68-viva-1235	14	.	Et	quant		aguet										tout	achaba						gli	aguet				uno	grando	"famino
            "	din	aquau				et	yelo				coumincet	à	être				din	lou					besoin																			
69-viva-1235	14	.		Oprés	qu’	oguè										tout	counsuma					,		survénguè		Vount éro		"uno
            "	grondo	fomino											coummencé	dé	senti					lou					bésoun																			
70-viva-1235	14	.	Et	quand		aguet										tout	fricassa					,	li	aguec			, acqui	une	grande	famine	dinc	aqueou	païs		,	et					coumensec	a	aver		famp																											
71-fran-1269	14	.		Après	que						l’a z’u					to	dépinso					,	il	est veneu				unna	"granta
            "	famina	din	cé	pays	lé		é	z’u								dèporvu		de	tote	tsoutze																	n’a vei p’ona fraisa mé						
72-fran-1269	14	.		Quan							l’a					to	galufrâ					,	l’è	vegnei				ona	granta	famina	dan	ci	païs		,	èt																																				
73-fran-1270	14	.																						survegna				Enne	grosse	famine					,		bai				attaqua																										qu’él pyieve pieu résista					
74-stan-1289	14	.	Y	quant	ho	hagué											gastat					,		vingué				una	gran	fam	en	aquella	terra		,		y				comensà	à	patir										miseria																			
75-fran-1270	14	.		Aprai	que						lia sou lo 						dispensa					,		survegna				onna	granta	famena	en	s’ai	pays	inque		et					kmincia	à	sé trova					den	la				poureta																			
76-viva-1235	14	.	Poué	kan	al	ù										to	canfara					,	y	reigné				ouna	grossa	famena	dian	le	pay		,	é																																n’avai pé ran				
77-viva-1235	14	.		Après	qu’	aguë										tout	dëspënsa					,		arribë				une	grande	faminë	ën	aqueou	païs	d’aqui	,	ët					coumëncë	d’	estrë					dins	l’				indigènce																			
78-roma-1326	14	.	Ma			haviand			et							tuot	trasatò		il			,		rivet				üna	grande	fam	in	quel	pajais		,	et					comanzet	a	sufrir		maungel																											
79-roma-1326	14	.	Et	davo	chia el	ha										tot	consuma					,	eis	vengni					gronda	fomino	in	less	pajais		,	et					cumeinza	a	indürar																													
80-lang-1309	14	.	É	après	qé	agué										lou	despensa					,		avengué				uno	grando	famino	dinz	aqël	péis		,	é					commensé	à	toumba					en					paurieiro																			
81-fran-1269	14	.		Quan	li’	u										yo	frecaschi					,		vigne				ouna	puschinta	famena	din	schî	paï		;																																		n’avei révèrtansshe me. Quiê fére?			
83-prov-1235	14	.		Après	qu’	agué										tou	consuma					,		survengueuno					grando	famino	dins	aqueou	peis		;	e																																		foufué tallamen destitua de touteis causos		
84-norm-1245	14	.		Drès	qu’	eut										tout	supai					,	V’ia-t-i-pas	consommit				eunne	grand	disette	tout	çu	pais		,		c’qu’i 				c’menchit	à	débinai																													
85-prov-1235	14	.	Et	quand		aguet										tout	despensat					,		venguet				uno	grando	famino	dins	aqueou	pays			et					acoumencet	à	mourir					de					fam																			
86-prov-1235	14	.		Quandou	l’	aveté										tutou	chamenava						ou	vignité				una	gran	famina	enté	essou	paysé		,	et	ou				comença	à	caïr					entra					misera																			
87-high-1290	14	.																						arriva				aine	grosse	famenne					,					fou			Se accabia																													
88-fran-1270	14	.																						surveniét				Ainne	grosse	faimainne	dainli		scheûte		,					feut			Sche tormentê																												qu’èl ne poïet pus y resischtè	
89-fran-1270	14	.																						survenue				Enne	grosse	famine					,	a				fot	Se pressai																															que ne poïant pieu y resistai
90-fran-1270	14	.	Mans	corne																			al	survegnait				enne	grosse	famene										pouyant	Pus subsistâ	ne	resischtâ					o	sa				misere																			
