1-stan-1290	15	.		Il							S’en alla	donc			,	et					s’attacha	au	service	d’	un			des	habitants	"du
            "		pays		,		qui		l’envoya	dans	sa	maison des champs									pour		y	garder			les	pourceaux						.
2-auve-1239	15	. —									S’enanét	d’ati			,						Se loudzét	à			un	ritge			bourdzouais							"que
            "		l’envoudiét	diéns	éna	boria									per			garda			lous	coutzous						.
3-wall-1255	15	.		I							va										adlé		n’saky	di							ç’	pays	la			qui		revoie															wârdé			"ses
            "	pourçais						.
4-wall-1255	15	.	Et	inn’							alla				,	et		i			Foût s’mette	à	siervice	d'	onque			"des
            "	manans	d’	ci	paï	là	,		et	ci voci	levoa		es	s'cinse									po			wardé			les	pourçais						.
5-wall-1255	15	.	Et	il							Est stevooïe				,	et		il			Est s’taintré	au	service	d’	"on
            "				homme	di	c’	païs	là			et	i	L’a evoïhi	à		s'zinse									por		y	waurdé			les	pourcias						.
6-wall-1255	15	.		I							part					et		i			S’en va s’bouter		varlet	cheu	un				manant	"de
            "	ce	païs	là	,		qui		l’envoïe	à		s’cence												garder			les	pourciaux						.
7-camb-1242	15	.		I		li folut					partir	donc			,			i			s’mit		garchon d’cour						mon	de	ch’	Pa-is	la	,																pour			warder			chés	pourcheaux						.
8-arto-1238	15	.		I							So ainvoye	donc	dé d’lo		,	et					So éliüé			Mon d’	ain				"homme
            "	dez	z’	ainvireons				qui		L’o plaché	dains	s’	mazon d’vilage	d’																					.
9-arto-1238	15	.		I		a folu												qui			s’mèche	en	serviche	mond’	un				homme	de	"che
            "	paï	là	,		ch’	l’homme	L’a envoié	den	se	cense									pour		y	wardé			les	pourchiaux						.
10-arto-1238	15	.		Il							s’ala	don										in	condicion	ché	un				bourgeouois	"du
            "		paays				qu'	il	l’invoya	à	s'	mason din chés camps									pour			"Être gardeu
            "			d’	pourcheaux						.
11-wall-1255	15	.		Y							S’en n’é allé	don				e					S’é attaché	ou	service	d’	in				"oum
            "	dou		pay				qui		L’é avoï	din	sa	maujon dé schan									pour		y	hoirdé			lé	poursai						
12-lorr-1242	15	.		I							S’en ait ennolaye	don				et					Sé étéchi	au	service	d'	ainque			des	habitans	don		pays				que		Lé envü	en	sait	mohon des champs								,	pou		y	"oidaye
            "			les	cochons	.					
13-lorr-1242	15	.		I							S’en alleu	donc				et					entreu	a	service	d’	in			des	hebitans	di		peïs				que		L’anvouyeu	è	sè	mahon des champs									"po
            "		y	voidii			ses	pouchès	.					
14-lorr-1242	15	.		I							San alet	don				et					s’agaiget	po	valat	d’	in			des	ja	"do
            "		péïs		,		q		lavoyet	da	set	majon des champs									po		y	voidet			les	pouchés	;					
15-lorr-1242	15	.		E							n’allé	don				et					Se botti	e	gaige	d’	in				abitan	do		peï				"et
            "	"l’Aut-ci
"	l’etvouié	da	set	mauhon de campeigne									po			vadget			les	pohaie	.					
16-alem-1243	15	.		Ai							s’inallai	donc				et					Se botui	es	gaiges	d’	in			"des
            "	aibitins	di		pays		.		Et	sluci	l’envié	ai	sai	mageon des chaimps									pou			voigeai			"les
            "	poués	.					
17-fran-1270	15	.		A					séchant quoi fàre		Son arra	don				et					Se piaidit	ves	schi		un			des	habitans	dy		payis				a	cetuci	l’onvoya	dans	sa	majon de campaigne									po			voigea			les	pos	.					
18-fran-1270	15	.		As							enalli				,	à					Se botit	au	sarvice de queute		in				homme	"de
            "	ce	païs	là	;		a	lo mâtre	l’envoyii	dans	sa	marquerie									po		y	vogea			les	pôs	.					
19-fran-1270	15	.		Ne											,	et					Se metteût		vôlot	chie	"in
            "				monsieur	do		pays				que		l’envoyeut															gaidia			las	gouris	.					
20-fran-1270	15	.		E							S’en èlèt					èt					s’eitéchit	ei’			inn’				gent	de	l’	endroit				"qu’
            "		l’envoiy	dans	sei	farme									po			gueidia			lâs	gouris	.					
21-fran-1270	15	.		Ait							S’en allai	don				et					Se min	au	sarvice	chez	"ein
            "				hébitant	de	ce	paii	là	,		que		l’enviai	en	sai	mason des champs								,	pou		y	gadai			"des
            "	couchons	.					
22-fran-1270	15	.		Y							S’en ollait	donc				et					s’aittaichait	au	sarvice	d’	"un
            "			das	haibitants	di		pays				que		l’envoyait	en	sai	moeson									pour		y	gaidhia			"la
            "	poès	.					
23-bour-1247	15	.		O							S’an ailé	dont				et					O se bouté	au	sarvice	d’	ein					"que
            "		Demeurot dret lai		:		stuchi		l’anvié	an	sai	mitoirie									poôre		y	garder			"les
            "	coiçots	.					
24-poit-1241	15	.		Eux							S’an vais					e					s’met	en	condition	châ	un				monsieu	"de
            "		Quél andré				que		l’avoyé	à	son	logê		, daint un village				,			pr’		y	garda			loue	gore	.					
25-limo-1246	15	.		Ou							S’en onguai					et					sattachzé	au	service	d’	un			dau	"habiten
            "	du		paï				kiaicki		l’envouyé	din	sa	maison dau champ									pre			garda			tous	gouré	.					
26-poit-1241	15	.		I							S’en allit	donc									Se rendre	valet		d’	in				houme	do		"lieut
            "				qui		l’envoyit	aux							champs				pre			garder			les	goret	.					
28-poit-1241	15	.									S’an ulit					et					Se metit	valet		chez	un				habitant	du		"pays
            "				qui		l’envoyit	dans	sa	métairie									pré		qu’au	gardisse			les	goret	.					
29-poit-1241	15	.		Qu’o		li falit															se gager	à			iu				habitan	do		lieut				qui		l’envoyit	dans	sa	ferme									pre		y	garder			les	goret	.					
30-poit-1241	15	.		Y							Se n’anguit	don				et					se boutit	au	service	d’	un			"des
            "	habitan	dau		pay		,		qui		l’envoyit	à	sa	ferme									per		y	garder			ley	gorrets	.					
31-limo-1246	15	.		I							s’allugnit	don			,	et					se logit	dans			un				home	dou		payi				"que
            "		l’envoyit	à	son	mayne									per			gardé			les	porcs	.					
32-limo-1246	15	.		Aüou  prenyé							Lou parti	doun									d’Intra	châ	per lou servi		un			"daüou
            "	habitans	dauou		paï				Ke ou ki		l’envouyé	à	sa	"meishou de campagne
            "									per			garda			loü	por	.					
33-limo-1246	15	.		Alors oôu							se retiré		De quel endré			et					Sé meté		"vêlé
            "	tchais	un				homé	de	queou	pays		,		que		l’envoyé	à	sa	meytaderio									per		y	"gardais
            "			doôu	ports	.					
34-lang-1309	15	.									S’en onguait	doun				et					s’estoquait	ol	servici	d’	un			"déous
            "	hobitans	del		poïs				qué		l’envouyoit	din	so	moïou dé compagno									per		y	gorda			"lus
            "	téchous	.					
35-limo-1246	15	.		Hu							décampé					é					sé metté		vàlé	châ	eun				bourgeâis	dé	"queue
            "	pay		,		qué		l’ainvoyét	din	sa						campagne				per			garda			loûë	porr	.					
36-limo-1246	15	.		Au							s’en onet					et					Se luget	à		d’	un				citoyen	de	queû	poïs		"et
            "				Lou renvouyet	dis	so	meitodorio												gardas			sous	pors	.					
37-limo-1246	15	.		Alors		eu					S’en ané					et					Se bouté	au	servicé	d’	un			"daus
            "	abitans	dau		pays				que		l’envouyé	à	sa	maigeau daus champs									par		y	gardas			"lous
            "	gagnoux	.					
38-auve-1239	15	.	Et								sé né										ludza			tsa	ein				home	d’	aque	pay				que		Lé n'yvouyé	guien	sa	baurio												garda			laou	coussou	.					
39-lang-1309	15	.		Heil preinguet							loun portit	doun		de							Se m’tre	ol	"Service
            "	d’	un				bourgis	d’	oquel	poys				que		l’einbouet	o	so						compogno				per			gorda			leis	porcs	.					
40-lang-1309	15	.		Que			fousquèt oublichat de														s’estoca			o	un				ouome	del’		endrech		,		que		l’embouxèt	dins	sa	bouorio									per		y	gorda			"lous
            "	pouorcs	.					
41-lang-1309	15	.		Anguec																	se louga			amb’	un				bourges	d’	aquel	païs				"que
            "		l’embouyec	a	sa	bordo									per			garda			lous	tessous	.					
42-limo-1246	15	.									Partit					é				s'en'angut	Se boutât	aou	serbice	d’	un				"home
            "	d’	aquet	peïs		;et				l’embiét	à	sa	meytadrie									pri			garda			dos	gourrets	.					
43-gasc-1240	15	.		Que							s’en anec				,	è					s'estaquec			a	un				home	d’	aquet	païs		:	aqueste	que		l’enbouyec	à	sa	maysoun de campagno												ouyata			lous	porcs	.					
44-lang-1309	15	.	É								s’en anec					é					s'estaquec			à	un				cilouyen	d’	aquel	païs		"é
            "	aqueste			l'embouyec	à	sa	bordo									per			garda			’s	porcs	.					
45-lang-1309	15	.	Et								s’en anec					et					se louguec			à	un			des	habitans	d'	"aquech
            "	pays		;et	v			l’enbouyec	en		iobordo									per			guarda			es	porcs	.					
46-lang-1309	15	.	El								s’èn anguèc	dounc				et					sè mèttèc	al	sèrbici	d’	un			"dès
            "	habitans	dèl		pays		,		què		l’èmbouyèc	à	soun	oustal de campagno									per		y	garda			"lès
            "	porcs	.					
47-lang-1309	15	.	Et								s’en aneg					et					se douneg			à	un				habitant	d’	aquel	"pais
            "				que		l’enbouyeg	dins	una	siba borda									per		y	garda			les	porcs	.					
48-lang-1309	15	.	Et								s’en aneget										Se douneg			à	un				habitant	d’	aquel	pais				"que
            "		l'enbouyeg	dins	una	siba borda									per		y	garda			les	porcs	.					
49-cata-1291	15	.	Y								fugi					,y					se eslaca			à	un				ciudadano	de	aquel	païs		,		"que
            "		Lo envia	en	sa	heretat									per			porquer					.					
51-lang-1309	15	.	Et								s’én anéc										ouffri	sous	serbicis	à	un				"proupriétari
            "	d’	aquél	pays				qué		l’enbouyéc	à	sa	borio									per			garda	Un troupél dé			porcs	.					
52-lang-1309	15	.		Alors							s’én anet					st					se louguet			a	un			des	habitans	d’	aquel	païs				que		Lou mandet	à	sa	grangeo									per		y	garda			lous	poucels	.					
53-lang-1309	15	.									S’en anet					et					se louguet			amb’	un				bourgés	d’	aquel	païs				"que
            "		l’embouyet	à	sa	boria									per			garda			tous	porcs	.					
54-lang-1309	15	.		Talomen qu’							anet										se louga			à	un				habitant	del	même	païs		,		que		l’enboujet	a	sa	borio									per		y	garda			lous	porcs	.					
55-lang-1309	15	.		Alors							s’en anét					é					si mèteguét	al	servissé	d’	un			"des
            "	abitans	d’	aquel	peïs				che		lou mandét	din	sas	poussessions									per					faïré païssé	"tous
            "	pouors	.					
56-lang-1309	15	.		Qué			séguet oubligat dé														sé métré	aou	sérvicé	enco	"dun
            "				habitan	dé	l’	entrez				que		l'envouyet	à	sa	ferma									per			garda			tous	por	.					
57-auve-1239	15	.		Adounque							s’en anet										se ludget			vez	un				bourdgeouas							"que
            "		lou mandet	à	sa	bouorio									per			garda			lous	pouors	.					
58-viva-1235	15	.		Talomen qu’			Fugo countrou dé														sé louïa			vès	un				chebencié	de	l’	endrei				qué		leu métè	dins	uno de ses	grongeos									pour			"sounia
            "			tous	caïous	.					
59-viva-1235	15	.	O								s’ein allait	don				et					se mettait	ein	service	vez	un				homme	de	l’	eindré				que		lou mandait	diein	sa	maison de campagne									per			garda			"lous
            "	cayoux	.					
60-prov-1235	15	.									S’en ané	doun				et	fughé				se louga		enco	d’	un				habitan	"daou
            "		péïs		,		que		lou mandé	à	soun	mas									per			garda			lei	por	.					
61-prov-1235	15	.		Alor																	se mëtëghé	âou	servicë	d’	un			dës	habitans	"daou
            "		pëis		,		qé		lou mandé	a	sa	granjho									për			garda			tous	pors	.					
62-prov-1235	15	.		Alors							s’en anet					et					si mettet	oou	servici	d’	un			"deis
            "	habilans	d’oou		pays				que		lou mandet	à	sa	bastido									per			gardar			seis	pouarcs	.					
63-prov-1235	15	.		Quilét				aqueou quartié								et	fouguét				si louga			émé	un			"des
            "	habitans	d'	un	aooutré				qué		lou mandét	din	sa	grangeo									per		li	garda			lei	pouarcs	.					
64-prov-1235	15	.		Dé sorte qué							s’ané	douna												à	un				habitan	doou		péys		,		"qué
            "		lou mandé	à	sa	grandze								,				garda			lei	por	.					
65-viva-1235	15	.	Agué	alors																			recours	à	un			des	habitans							que		lou mandé	à	"sa
            "	grangeo									per		ly	garda			ses	pourceaux	.					
66-viva-1235	15	.		Que			fugué oubligiadé														s’atachia			à	un				habitandé				"Rendre
            "	",
            "		que		lou mandé	din	sa	ferme									per		li	garda			les	pouars	.					
67-viva-1235	15	.									S’en ané										mètre	oou	servici	d’	un				bourgeouois	d’	aquéou	pais		,		qué		lou mande	a	sa	grange									per		li	gardéssé			léis	pouers	.					
68-viva-1235	15	.	Et								anet										se louyâ			vès	un				hommet	d’	aquau	païs				che		lou mandét	à	sa						campagno							garda			lous	cayons	.					
69-viva-1235	15	.									S’én fugué	dounc				, et					sa louïé			véz	un		bouon		hobitou	"doou
            "		poïs				qué		lou mondé	dins	soun	douméné									per			gordâ			lous	coïous	.					
70-viva-1235	15	.									S’en anec					et			se bettec a		mestre			vés	un			des	"habitans
            "	d’	acqueou	païs		,		que		lou mandée	à	soun						fourest							gardas			les	puercs	.					
71-fran-1269	15	.		Que			l’à itò oblidgia de														s’attatché			à	on				n’abitan	du		"Loa
            "				que		l’a mandò	din	sa	ferma									por			garda			lou	cayou	.					
72-fran-1269	15	.									L‘é zelâ	don									s’acovantâ			intzi	on				retzâ	d’		alinto				que		l’a  invouyî	intzi	sè	grandzî									po			gardâ			lé	puô	.					
73-fran-1270	15	.																Él			se metta		servisé	d’	on			dés	habitants	de	cetit	pays	lai			que		l’enviai	dei	enn	hôto de campagne									por		gli	voirda			lés	pors	.					
74-fran-1270	15	.		Llavors							sen anà				,	y					s’arrimà			à	un			dels	"ciutadans
            "	d’	aquella	terra		,		qui		l’envià	à	sa	granja									à			guardar				porchs	.					
75-fran-1270	15	.		Adan		il					s’en alla 					et					servecha				ion			dis'	habiten	de	"ci
            "	pays	inke	,		que		l'envouia	sur	sé	bins									por			vouerda			lé	pouers	.					
76-viva-1235	15	.								De sourte qu’						y					se bouta	au	service	chi	on				ôme	du		pay		",
            "		che		le fé moda	dian	sa						campagne			,	pe			garda			lou	pouer	.					
77-viva-1235	15	.		Après							s’ën anë					ët					së mëttë	ou	sarvici	d’	un			das	habitans	dou		païs				quë		lou mandë	à	sa	mëigeoun das champs									parli			gardar			lous	pourceous	.					
78-roma-1326	15	.					Giet dimena a														s’iffiner			tier	ün				contadin	da	quella	contreda		,	il	quel il		tramatet	sün	sia						campagna				a			parchirar			ils	pôres	.					
79-roma-1326	15	.		Et							eis i					et					s’hatachia			ad	ün				vaschin	da	lessa	regiun		",
            "		et il		el tramettét	in	sea	vilascha								,	chia		el	parchüra			ils	porchs	.					
80-lang-1309	15	.									S’ën ané	doun			,	é					së louguet			embé	un			das	abitans	d’	"aquel
            "	péis		,		qé		lou mandet	à	soun	mas								,	pèry			garda			sous	pors	.					
81-fran-1269	15	.				Li’					alla										sch’ acovintâ			vê	on				routzèrî	de		pèrinque				que		l’invouya	vê	shé	grandjî									po			vuèrdâ			lè          	puê	.					
82-poit-1241	15	.					Le sit forcé de														se lougé			ché	n’in				mocieu							qui		l’enveillit	dans	in’e de sé	farme									pr’			gardaie			lé	gorett	.					
823-prov-1235	15	.		Qué			fouguet oublija de														se lougar			em	un				habitan	deau		luech				que		lou mandé	dins	la	fermo									per			gardar			lei	pourcs	.					
84-prov-1235	15	.		Pour lors,		i					s’n allit					et					s’mint	en	condition	"cheux
            "	z’un				particuyer	du		pais		,		qui		l’envyit	à	eunne	maison			qu’il avait és 		camps			",
            "	pour	à celle fin qu'	il y	gardit			lé	cochons	.					
85-prov-1235	15	.									S’en anet	donne				et					se mettet	en	servici	aquo d’	un			"deis
            "	habitans	daou		pays		.		Aquestou		lou mandet	à	sa	bastido									per			gardar			leis	pouercs	.					
86-prov-1235	15	.		Ou							se n’anda	douca				et					s’astaqua	à rou	servijou	d'	"un
            "				habitanté	d’	essou	paysé		,		qui		rou manda	à ra	soua	granega dra campagna									"per gué
            "			gardar			ri	porqui	.					
87-high-1290	15	.			Que ne poyant pieu résista,	él					alla										à maîtretschie				"on
            "			dés	habitants	de	stou	pabis	lei			que		l’eiveya	dai	ainne	maujon de campagne								,	"por
            "			voarda			lés	pors	.					
88-fran-1270	15	.				El															se botét	en	service	tschie	in			des	habitaints	de	ci  	payis		,		que		l'enviét	dain	ainne	majon de campaigne									po		yi	vardé			lés	poës	.					
89-fran-1270	15	.																			s’attacha	u	sarvice	d’	in			dés	habitants	de	su	pays	"là
            "			que		l'éviesa	dai	enne	maison de campagne									por		y	voirdai			les	pors	.					
90-fran-viva	15	.				Al															s’agaget	y	sarvice	d’	in			des	habitants	de	stu	"pays
            "				que		l’oviait	dans	enne	ratscherie									pou			voirdâ			ses	poas	.					
