1-stan-1290	13	. 												Peu 				de 		jours 					après				, 					le 			plus 	jeune 	de 	ces 	deux 	fils	,  			ayant 			"amassé
            "			tout 	ce 	qu’			il 		avait				, 																										s’	en 					alla 																	dans 		un 		pays  			étranger 				fort 	éloigné	, 									où 			il 			"dissipa
            "				tout 		son 		bien			en 					excès  	et 					en 		débauches																					.
2-auve-1239	13	. — 												Quahrques 						dzours 					apréz				, 					lou 				dzouïne 				garçon  							ramassét 				soun 						be				, 								"é
            "						partiguét 		per 	voudiadza 																																diéns 		un  		païs 			estrandgé						, 		é 													dissipét 	ati 			tout 		ço 	qu’	aviot						"
            "								én 		débaoutza																					.
3-wall-1255	13	.												Pô 				d’		joûr 					après 									li 			pus 	jône 																																							pâte 											et 							va 																									bin 	long	. 							Là 	"il alowe a môlva et avou des 
            "	kmères di mâle vee											li 	part 				qu’il 	aveut awou  																																					.
4-wall-1255	13	.										Nin 	binco 					d’		jours 					apret				, 					l’			pu 	jône 				valet 							ramassa 			to 	"çou
            "	qu’			il 		avéve				, 								et 																			inn’					alla 														bin 	long 		d’vin 		on 		païs 			etranghir						, 									wiss	qu’		i 			duspansa 				"toile
            "		su 		part 			to 		viquant 									ol 		dubâgche																					.
5-wall-1255	13	.								Et 		au 	bout 	d’queques 						djous									, 															apres 		awoi 			rachouné 			"tot
            "	s’											li 		pu 	djoonne 	des deus	 								est s’tevooïe 		au 	diale 																																											bain 	long	, 		et 	vaila 									il 	"
            "		a mongui 				tôt 		s’		bain 			es 		viquant 															comme 	on 	mannet losse 															.
6-wall-1255	13	.												Einpau 											après				, 					l’			pus 	jône 				walton 							ramasse 			tout 	ce 	qu’			"il
            "		a				, 									i 		s’			boute 		en 	voïage 								et 	s’	ein 					va 																	ein 		n’ 		sachu 							bié 	long	, 		et 	Droit-là				 					"i
            "			briscande 				tout 		ce 	qu’i	possède 			en 		faisant 			ribaude																													.
7-camb-1242	13	.												Deux trau 						jours 					après				, 					el 			pus 	josne 	d’	chés 	"deux
            "	inféens	, 	apré 		avoir 			rassenné 			tout 	chou 	k’			il 		avau				, 																										s’	in 					alla 																												tout bin 	long 	, 									"du
            "	ki 					dissipa 				tout 		sin 		bin 			à 		faire 			ribotte																													,
8-arto-1238	13	.		Ain usais yur, trop, quate, chéon 															 	jours 					après 									l’			pus 	"tio
            "	d’	chés 	déeux 	éféans 				oyant 			r’cuèillé 			tout 	s’n’						héritt’main				, 											s’			ot ainvoye 																																			"dains
            "		nain 		pahis 							gramain 	lotion	, 									dû 	qu’		il 			échilla 				tout 		s’n’		argint 			ain 		fageant 																l’	"braingand
            "					dains 	chés 	cabarets								.
9-arto-1238	13	.												Pau 				ed 		tems 					après				, 					éche 			pu 	jonne 								a 			emporté 	aveu 	li 	"tout
            "	chou 	qu’			il 		avo 												et 																		s’	en 					alla 	roulé 																d’											ben 	lon	, 												il 			a 				tout 				mi en fricasse																																					.
10-arto-1238	13	.												Peu 				d’		jour 					après 									l’			pu 	jeune 	ed 	chés 	deux 	"éfans
            "				aayant			prins 			tou 	che 	qu’			il 		avouoit 																														s’	in 					alla 																	din 		un 		paays 			étringer 				for 	"elognié
            "										u 			y 			mingea 				tou 		sin 		bien 			in 					ribotes 	et 					in 		banboches																					.
11-wall-1255	13	.												In po											apré	, 								l’			pé 	jaun 	d	sé 	deu s’	afan 		apré 		ahoi 			"ramachi
            "			tou 	ç’	qu’			il 		avo				, 																										s’	a	n’	é 			allé 																	din 		in 		paï 			étranger 				mou 	lon	, 									où 			y 			guernouia 				tou 		s’		"bin
            "			pa 				dé 	excé 	e 					pas 	dé 	débauche																					.
12-lorr-1242	13	.												Paot 				de 		jou 					etpré				, 					lou 			pu 	jonne 	de 	cés 	daoz 	"offans
            "				ayant 			réméssay 			tourtou 	ce 	que 					leveu 																														sé 	en					olaye 																	dans 		ain 		pays 			etrége 				bin 	long	",
            "									osse 	qué 		le 			dépainaye 				tourtou 		se 		bain 			en 					excès 	et 					en 		débauchés																					.
13-lorr-1242	13	.												Queque 						jonèes 					èprès				, 					lo 			pus 	jogne 	de 	ces 	doux 	afans	,            			eyant 			remessé 			tortot 	ce 	que 			l’		avô 				, 																										s’	en 					elleu 														bin 	ion 		dans 		in 		peïs 			etrenge						, 									"dou
            "	qui 					dissipeu 				torto 		so 		bin		, 												en 		debacheries 	et 	en 	libertineges																		.
14-lorr-1242	13	.												Queuques 						jonaies 					épret				, 					lo 			pu 	jane 	de 	ces 	dou 	gâchons	,          	epret 	"q’lo  
"				rémesset 			tortot 	"c’

"	q			l		éva				, 																										s	an 					alet 														bie 	ion 		da 		les 	ates 	péïs 											et 										li 			"mengi
            "				tortot 		so 		bin 						da 	les 	fechtins 	et 																					évot 	les 	gourgandines					.
15-lorr-1242	13	.												Quoique 						jo 					espré 									lo 			pi 	djenne 				fé 							remessé 			tortot 	ce 	"que
            "					avou 												et 																			n’					allé 																	dé 		in 		peï 							tant 	lan 			et 		tolu 								el 			dépassé 						set 		fortune 			an 		vican 									da 	"let
            "	debauge																					.
16-alem-1243	13	.												Queque 						jos 					aiprai 									lo 			pu 	juene 				fis 				ayint 			remassai 			lot 	"so
            "	quét 			l’		aivai				, 														paiché 											et 	s’	in 					allai 																	dm 		in 		pays 							bin 	loin 			et 										li 			ai dissipai 				tote 		"sai
            "		fouchune 			en 		vitient 									dain 	lui 	débâche																					.
17-fran-1270	13	.												Quaiques 						joues 					aprét 									lo 			pu 	junë 								ayant 			ramessa 			tôt 	"ce
            "	qu’			al 		ava				, 														patehi 	a son arradans 				 																																in 		payis 							bain 	éloignié 			ou 													a mingea 				to 		ce 	qu’al	 ava			an 		vivant 		"
            "							dans 	la 	débâche																					.
18-fran-1270	13	.												In peu 				de 		tems 					apré				, 					lo 			pu 	jûne 								ayant 		tôt 	raméssa 																												"pachi
            "																																			po 		in 		païs 							bin 	éloignie 					al 			y 								mingie 				tot 		son 		bin 			en 		vicant 									dans 	la 	débauché																					.
19-fran-1270	13	.												Quelques 						jous 					etpré 		étant réunis		, 					ce 				jeune 				guechon 																																"se
            "			metteut 		en 	routte 																																pô 		in 		pays 				bie 	loin	, 	bie 	loin 	! 	quand el y feût 	et 													dapenseut 				"to
            "		ce 	qu’el	 evoit 			en 		vivant 																									evot 	des 	quoquines					.
20-fran-1270	13	.												Po 											èprée 									lou 			pu 	jeune 											ampoutiant 	d’èveu 	lù 	to 	ce 	qu’			"èl
            "		èvoi				, 																										s’	en 					èlèt 	voyaigie 																dans 		lâs 		pèiy 							bin 	loin 	, 				lei 					où 	ç’qu’					dapansi 				tou 		son 		"bin
            "														en 		dabôcheries																					.
21-fran-1270	13	.												Queque 						jos 					après				, 					le 				jeune 	de 	ces 	deux 	enfans	",
            "						raimassai 			tau 	ce 	qu’			el 		aivo				, 								et 																		s’	en 					allai 																	en 		ein 		paii 	d’		aitreinge			, 	bé 	loin	",
            "		là 		vous 			 								ai dissipai 						son 		bien		, 	en 					gormandises 		et 				en 		daibauches																					.
22-fran-1270	13	.												Peu				de		jou 					aipre 									lou 			pû 	juene 	de 	cas 	clou 	offants 				"aiyanc
            "			raimassa 			tout 	ç’	qui 					Taira 																														s 	en					ollait 																	dans 		un 		pays 			aitrangie			, 	bin 	loin	, 				ou 			"y
            "								dissipet 				tout 		son 		bin 														en 		daibauches																					.
23-bour-1247	13	.												Peuçot 				de 		zors 					aiprès				, 					le 			pei 	moime 	de 	sas 		flots 			qu’	"aivot
            "			aissaré 			tout 	ce 	qu’			ol 		aivot 															s’	an 		feu 																																ben 	loin 		an 		ein 		pays 			etranzé						, 				lai 					voù 	qu’		"o
            "							tout 							en 	se 	libartinant																																.
24-poit-1241	13	.												Kâkaîs 						jourre 					apreis																		, 	quante 	v’agué 				ramassa 			tout 	ko 	"ke
            "			li 		revente				, 	le 		pûs 	jaune 																						s’	an 					angué 																	dain-t-		in 		pay 			etrangiê 										ant-								eux 			fricassé 				"tout
            "		son 		bien 			en 		menant 						la 		vie 							d’	un 	chéti 															.
25-limo-1246	13	.												Peu 				de 		jiours 					après				, 					kian 				jieun 				houmé	, 			ayant 			"amassa
            "			tout 	ce 	qu’			ioû 	avet 	resôgu				, 														surte 					de 			la 	maïson 	, 	et 	s	en					engaï 																	dins 		un 		pays 							"fort
            "	éloigna 					unie 					ou 						dissipé 				tout 		son 		bé 			ein 		menam 						une 		vie 			débautchzhade																					.
26-poit-1241	13	.												Queuques 						jour 	en 				après				, 					le 			pus 	jéne 	de 	tchélés 	"deux
            "	enfans 							amassit 			tout 	le 						sen 												et 	puis 	i 																s’	en					allit 																	dan 		in 		pays 							bin 	leugné	, 		et 		"là
            "			i 								mangit 				tout 		son 		benn 														en 		débauches																					.
27-poit-1241	13	.								Et 	aussi tôt qui l’ 																								odyit 	son 	drét			, 	le 	senfouiyit 	do 	"de
            "	près 	de 	son 	père 																							et 		le 																s’	en					andgil 																	dans 		uin 		poyis 							rede 	loin	, 									vour 			qui 			"derama
            "						son 		avoir 			en 		coumerçant 																									avec 	des 	criatures					.
28-poit-1241	13	.												Quauque 						teins 					après 									le 			plus 	jeune 	de 	kélès 	deux 	enfans	",
            "			ayant 			amassé 			tout 	ce 	qu’			au l’		avait				, 											s’	an 		alit 					de 			la 	maison 	,	et 	s’	an 					fit 																	dans 		"un
            "		pays 							ben 	elougné 										on te 			y 			dissipit 				tout 		son 		ben 			en 	se 	divartissant																																.
29-poit-1241	13	.												Queuque 						jour 					après 									le 			pus 	jenne 											emportit 	avecques 	"li
            "	tout 	ce 	qu’			il 		avoit				, 																										s’	en 					engit 	voyager 																en 		in 		pays 							be 	leung 										où 			il 			dépensit 				tout 		"son
            "		benn 														en 		débauche																					.
30-poit-1241	13	.												Quauque 						tan 					après				, 					le 			pu 	jeune 											amassit 			tou 	ce 	qu’			"il
            "		avet				, 																										se 	n’					anguit 																	dan 		un 		pays 							bien 	louen	, 									onte 			y 			mangit 						son 		bien 														en 		deybauche																					.
31-limo-1246	13	. 												Petit 				de 		joure 					après				, 					le 			pu 	jeune 				ménage	, 			ayan 			"amayné
            "			tout 	soun 						avouére				,														partissit 											pr’							allé 																	dan 		un 		payi 							fort 	allugné	, 									onte 			i 			decipit 						"son
            "		bien 			en 		vivan 									dan 	la 	débauche																					.
32-limo-1246	13	. 												Paüou 				de 		jour 					après 									kéoü 				jaoün 				omé 				ayant 			massa 			tou 	"ce
            "	qu’			au 	avio 	reçu				, 														sorté 					de 			la 	meisbou 		et 	s’	en 					ané 																	dint-		t-un 		païs 							for 	eïlougna 					"inte
            "					auou 						dissipe 				tout 		soun 		bé 			en 		menam 						uno 		vito 			deïbauchado																					.
33-limo-1246	13	. 												Quaouque 						djours 					après				, 					lou 			pu 	djoouné 	de 	qui 	doux 	"éfans
            "				ayant 			rassembla 			tout 	quo 	qu’				oôu 	vio				, 																										sén 						ané 	vouïadgeais 																din 		lun 		pays 							fort 	"eylougna
            "					enté 					oou 						dissipé 				tout 		soun 		bé 														en 		deybooutchês																					.
34-lang-1309	13	. 												Paou 				dé 		tzours 					oprès				, 					lou 			pus 	tzoïné 	d’	oqués 	dous 	"efons
            "							omossait 			tout 	se 	qu’					ovio				, 																									et 	s’	en 					onguet 																	dins 		un 		pois 			estronzier 				fort 	élouognat	, 									oun 						dissipait 				tout 		soun 		bé 			en 					excès 		et 				en 		débaoutsos																					.
35-limo-1246	13	. 												Quauquaîs 						jourr 					aprey				, 	quan 				v’agué															asseinblèt 			touquo 		que 							li 	revenio 	, 	le 		pûs 	jouné 																						s’	ein 					annet 																	dint 		eun 		pay 							bien 	louein	, 				aint 					hu 						fricassét 				tou 		soun 		bé 			ein 		ménan 						la 		vito 							d’	eun 	chetî 	et 	d’	eun 	fumélié											.
36-limo-1246	13	. 								Et 				pau 				de 		temps 					après 									lou 			pûs 	jauné 				drolé	, 	aprèsvei 					assembla 				sous 						omis				, 																										s’	en 					onet 																	dis 		lou 		poïs 			étrangers						, 		et 		aqui 					"aù
            "						minget 		so 	dénado 	tout 							en 		vivent 									en 		déssolu																					.
37-limo-1246	13	. 												Paü 				de 		jours 					après 									lou 			pus 	jauné 	d’	aquis 		éfans	, 			"ayant
            "			amassa 			tout 	cé 	qué 			au 		aviô																														s’	en 					ané 	vouyageas 																dis 		un 		pays 							fort 	élougna 					enté 					"au
            "						dissipé 				tout 		soun 		bé 			en 					éxcés 		et 				en 		débauchoas																					.
38-auve-1239	13	. 												Paou 				de 		dzours 					après 					que 												garçon 							prengué 			tout 	ce 	"que
            "			z’		aio 																													et 	sén 	né 					guien 																			l’	eitrandze 	pays									, 		et 		ïau 								ley 			mandze 						son 		bé 			en 		fairé 																"le
            "	bandi															.
39-lang-1309	13	. 								Et 				paou 				de 		jiours 					oprès 					quond 																auguet 		tout 	osseimblat															lou 		pe 	ziouve 										portiguet 					per 				ona 																										dins 		un 		poys 											et 										ly 			dissipet 						soun 		be 			"ein
            "		bivein 									din 	lo 	debauxio																					.
40-lang-1309	13	. 												Qualque 						chours 					oprès 									lou 			pus 	choube 											prenguen 	omb’	"el
            "	tout 	ce 	qu’					obio				, 																										s’	en 					ouet 	bouyocha 																dins 		un 		poys 								elouègnat 										oun 						despenset 				tout 		"soun
            "		be 														en 		debaouchos																					.
41-lang-1309	13	. 												Paou 				de 		jours 					après				, 					lou 			pu 	joube 				fil	, 			b’ajec		"tout
            "	ramassai 																									se 			mettec 													en 						bouyatge 																per 		un 		païs 							pla 	eloignat 			e 		aqui 											dissipée 						"soun
            "		deque 			en 		biben 									din 	la 	debaoutcho																					.
42-limo-1246	13	. 												Paou 				de 		joures 					après																		, 			aougen 		tout 	amassat														, 	lou 		pu 	"june
            "	gouyat 									partit 																											tout 	de 	suite 						per 		un 		peïs 							bien 	louyné 					achiou 											dissipet 						soun 		bien 			"en
            "		biben 									den 	lou 	libertinaghe																					.
43-gasc-1240	13	. 												Quaouques 						jours 					après				, 	é 	après 															aoüe 			ramassat 			tout 	"soun
            "						deque				, 	aquet 				maynat 	que 	parliscouc	, 	é 																	s’	en					angouc 	louylouy															, 	deguens 		un 		païs 																		"oun
            "				s’		aougouc 		leou 		tout 				couhounul 			en 		bioue 									dins 	lou 	derégloment																					.
44-lang-1309	13	. 								Dins 				paouc 				de 		jouns									, 					le 	fill 	le 	pus 	jouen					, 	aprex 		"abe
            "			ramassat 			tout 	ço 	qu’					abio				, 											se 			metec 													en 						bouyatge 											é 	partie 				per 		un 		païs 							"fort
            "	eloignat 			é 							i 						dissipée 						soun 		be 			en 		biben 											luxuriousoment																					.
45-lang-1309	13	. 								Et 				poc 				de 		dios 					ensuite				, 					aquech 	hilh 		més 	joués 						après 		"aüe
            "		tout 	plegach 																									se 			mettec 													en 						bouïatge 																per 		un 		païs 							fort 	louen	, 		et 		aqui 											dissipée 				"tout
            "		sou 		be		, 	en 		biuen 											luxuriousement																					.
46-lang-1309	13	. 												Paouc 				dè 		jours 					aprèp 				, 					aquèl 				jouèn 				homè 			èn 	abèn 			"amassai
            "			tout 	so 	què					abio 																														sèn 						anguèc 																	dins 		un 		pays 			èstrangé 				fort 	éloignai 										ount 			èl 			"dissipée
            "				tout 		soun 		bè 			èn 		fan 			excès 		et 				èn 		débauches																					.
47-lang-1309	13	. 								Et 				pauq 				de 		jous 		s’	eren 	passato 						que 				le 			pus 	joube 						"apros
            "		abé 		tout 	ramassai 																																								c’	en 					aneg 							pel 	mond								, 	dins		un 		pais 							fort 	éloignât 			et 		aqui 											dissipeg 						"ço
            "	que 	abio		, 	en 		biben 									dins 	la 	dissouloution																					.
48-lang-1309	13	. 								Et 				pauq 				de 		jous 		s’	eren 	passats 						que 				le 			pus 	joube					, 	"apres
            "		abé 		tout 	ramassat														, 																										s’	en 					aneg 							pel 	mond								, 	dins 		un 		pais 								éloignât	, 		et 		aqui 											dissipeg 						"ço
            "	que 	abio		, 	eu 		biben 									dins 	la 	dissoulutiou																					.
49-cata-1291	13	. 								Y 				pocs 						dies 					despres																		, 						reunint 			toi 	lo 					del 	seu				, 	lo 		"mes
            "	jove 	fill			, 						ana 			caminant 	lluny 	de 			sa 	casa			s’																						, 	en 				pays 			estrany 						; 		y 		aqui 											"malesmersa
            "						lo 		be 	seu	, 			vivint 											luxuriosament																					.
51-lang-1309	13	. 								Et 				paüc				dé 		jours 					apéï				, 					lé 			pùs 	joubé 	das 		doùs 	mainachés		apéï 	qué 	ajéc 			amassât 			tout 	lé 						bé 	qué 	y 	rébégno	, 																										s’	en 					anéc 				a	l’	abanturo 											dins 		un 		"pays
            "							plà 	escartât	, 		et 													dissipéc 						soun 		bé		, 	en 		bibin 	dins 	las 	grandoùs 		et 					la 	débaucho																					.
52-lang-1309	13	. 												Quaouqués 						jors 					après 					quand 				lou 			pu 	jouiné 								aget 			"amassat
            "			tout 	ce 						seou 																		partiguet 											et 	s 	en					anet 																	dins 		un 		païs 							pla 	liont 			et 		aqui 											dissipet 				"tout
            "		soun 		bé 			en 		bisquen 									dins 	la 	debaouchou																					.
53-lang-1309	13	. 												Quaouques 						jours 					après 									lou 			pus 	jouines 	d	aquelles 		"efans
            "		quand 					aget 			tout 							raspaliat												, 																		s’	en 					anet 																	dins 		l’	estrange 	païs 							pla 	lion	, 		et 		"lai
            "								"il
            "			fricasset 				tout 		sen 		déqué 			en 		bisquen 															coume	un 	libertin															.
54-lang-1309	13	. 						En 	sorto 	qué 				pauc 				de 		xouns 					aprép				, 					lou 			pus 	joubé 								"ayant
            "			amassat 			tout 	ce 	qu’					abié												, 																		s’	en 					anet 	bouyaxa 																dins 		un 		païs 							fort 	éloignat	, 		et 		aqui 											dissipat 				tout 		soun 		bé 			en 		biben 									dins 	la 	debaxo																					.
55-lang-1309	13	. 												Paou 				de 		geours 					après 									aquestè 			pu 	geoubè 				fil 							amassét			tout 	aquo 	siou																	, 																		s’	en 					anét 																	din 		un 		peïs 								éloignat 			é 							y 						dissipét 				tout 		soun 		bè 			en 		"viven
            "									din 	la 	dèbaucho 																					.
56-lang-1309	13	. 												Quaouques 						jours 					après				, 					lou 			pus 	jouiné 											empourtet 	enb’	"el
            "	tout 	cé 	qué 					aviè 												, 	é 																	s’	en 					anet 	vouyagea 																din		un 		peys 			estrangè						, 									ounté 						déspensèt 				"tout
            "		soun 		ben 														en 		dèbaousas																					.
57-auve-1239	13	. 								Et 				quaouquoui 						djours 					après				, 					lou 			plu 	djoueine 											"acampet
            "			tout 	ce 	qu’					avio												, 																	per 							ana 																	dins 		un 		pays 								ilouagnat 			et 										lli 			manjet 						soun 		bè 			en 	se	gala																																.
58-viva-1235	13	. 	Résté 		pa 	guairé 	d’																																										empourta 	anb’	el 	tout 	cé 	qué 					avio																																																					end’		un 		poïss 							bien 	louon	, 		é 		l’ai-ou											mongé 				tout 																		en 		débauchos																					.
59-viva-1235	13	. 												Po 				de 		teimps 					après 																					eyants 			amassa 			tout 	ce 	quol’					"ayot
            "															s’	ein		fuguait 																																			dieinz 		un 		patiis 							biein 	luïn 										ounteszo 						dépensait																						"ein
            "		débauches																					.
60-prov-1235	13	. 												Caouqueis 						jhours 					après				, 					lou 				cadé					, 	après 		avédre 			"ramassa
            "			tout 	ce 	qu’					avié												, 																		s’	en 					ané 														ben 	ïeun 		din 		l’	estranghé 	peïs									, 									ounté 						mangé 				tout 		soun 		"ben
            "			en 		viven 									din 	la 	débaoucho																					.
61-prov-1235	13	. 												Caouqës 						jhours 					après 									lou 				cadë 											accampët 			ton 	cë 	qu’					avié 													"ë
            "																	s’	ën 					annet 														for 	liéun 		àou 				pëis 			ëstranghë						, 									ountë 						manghé 						soun 		bën 			ïn 		mënan 																	"marido vido
            "															.
62-prov-1235	13	. 								Dins 				quauqueis 						jours									, 					lou 			plus 	jouven 											rempecta 			tout 	"ce
            "	que 			li 		venié 													et 																	s’	in 					anet																	dins 		dùn 		pays 			estrangier 				fouesso 	luenc 	; 				aquito 											"manget
            "				tout 		soun 		ben 						dins 	leis 	plesirs 		et 					la 	débaoucho																					.
63-prov-1235	13	. 												Paou 				de 		jours 					après				, 					lou 				pichoun 														tout 	ce 	"qué
            "	soun 	païré 	li 	avié 	desemparat 													et 																	s’	en 					anét 																	dins 		un 		païs 							fouerço 	luench 										"ounté
            "						dissipét 				tout 		soun 		ben 															en 	debaoucho																					.
64-prov-1235	13	. 												Quaouqué 						dzours 					aprè				, 																				prenen 	am’	éou 	tout 	cé 	qué 					"avié
            "																														s’	en 					ané 	vouïadza 																din 		un 		péys 								élougna	, 									vounté 						déspénsé						soun 		ben 															en 	débaoutze																					.
65-viva-1235	13	. 												Quaouquei 						jours 					après				, 					aquesté 	enfan 			cadé 								aguen 			"ramassa
            "			touté 	sei 						richessos				, 																										s’	in 					anè 																	din 		un 		païs 							bien 	bien	, 									vonnté 						dissipé 				tout 		soun 		"ben
            "			en 		viven 															coumo 	un 	galavar															.
66-viva-1235	13	. 												Paou 				dé 		jours 					aprè				, 					lou 			pu 	jiouiné					, 						enpourtan 	emb’	"oué
            "	tou 	cé 	qu					avi				, 																										s’	en 					ané 	vouiagia 																din 		un 		païs 								eilounia	, 									sounté 						déspénsé 				tou 		"soun
            "		bén 														én 		deibaouchios																					.
67-viva-1235	13	. 								Din 				quauqueis 						jour 	d’				aqui 																					aguén 		tout 	acampa														, 	lou 		"plu
            "	jouiné 	fieou 									parlé 											per 							ana 	vouyagea 																dins		un 		pais 								éloigna 			é 		aqui 					y 		agué 	léou 			"mangea
            "						soun 		bén 			en 		vivén 									din 	la 	débaouche																					.
68-viva-1235	13	. 								Et 				quauqués 						jours 					après 	s’	assemblerunt 	tous 																																			et 	"lou
            "	garçon 	plus 	jeunet 										partiguet 																																			per 		un 		païs 			étrangler						, 				aqui				, 							dissipet 						son 		bien 			"in
            "		fasant 							mauvaiso 	vio																								.
69-viva-1235	13	. 												Pa 	gron 					témps 					oprés				, 					lou 			plus 	dzuèné 	d’	èquélous 	"doux
            "	éfons	, 			oïon 			romossa 			tout 	cé 	qu’					ovio 																														s’	én 					oné 		pèr 	pois 														dins 		ùn 		éndré 	qu’	éro 					bién 	"lén
            "			et 		léi 											dissipé 				tout 		soun 		ovéz 			én 					ècxés 		et 						déibaoutsas																					.
70-viva-1235	13	. 								Et 				paon 				de 		tens 					après				, 					lou 				cadet 						quand 		aguet 			fachs 				"sa
            "						pacoutille 															se 			mettec 		en 	route							,	et 	s’	en 					anec 																	dinc 		un 		païs 								éloigna	, 									ounte 						mangée 				"tout
            "		ce 	qu’	aïe 																														embe 	les 	femelles					.
71-fran-1269	13	. 												Pou 				de 		dzor 					après				, 					le 			pie 	dzouveno 								a 			import 	avoé 	lui 	"to
            "	ciu 	que 			l’		aveive 													et 																	s’	in 	n’	est 	fin 	n’	all 	voyadjé 																in 	n’	un 		pays								éloigna 										yo 			el 			a dépinso 				to 		son 		bin 														in 		déboutze																					.
72-fran-1269	13	. 												Stice 	vitou 																														l’	a 	a	to 	ramassâ 				san 	que 			l’	ètei 	schon				, 									è 																	l’			"è
            "			zelâ 														dato 	liin 		frou 		dau 		paï									, 									yô 		la 			to 	dispèrsâ 											in 		fasan 										la 	dèboûtze																					.
73-fran-1270	13	. 								Y 		al 	cap 			de 			pochs 	dias									, 				juntaut 	le 	fill 			menor 														tot 	"la
            "	que 				era 	seu				, 																										s’	en 					anà 															lluny 		à 		un 		paìs 			estramy						, 		y 		alli 											dissipà				tots 		sos 		bens       					vivint 											dissolutament																					.
74-fran-1270	13	. 								Et 				pou 		dé 				dzers 					aprai					quand 				le 				dzouveno 				valet 				a 	"sau
            "	tôt 	amassa														, 									il 																	s’	en 					alla 															défro 		en 		on 		payes 								eloigni	, 		et 							inke 			il 			medja 						son 		bin 			"en
            "		viven 																									avallé 						prodigalita	.
75-viva-1235	13	. 												Kaque 						zeur 					apré				,					le 			pé 	djouânna 											ramassa 			to 	çan 	k’			"al
            "		avai				, 									poué 					moda 																																			dien 		on 		pay 							bein 	luian	, 									yô 		y 				dissipa 				to 		son 		bein 																														avouai 	"dé
            "	fenne					.
76-viva-1235	13	. 												Paou 				de 		jours 					après				, 					lou 			pu 	jouvë 	d’	aquëous 	dous 	"ënfans
            "				ayënt 			amassa 			tout 	ce 	qu’					avié				, 																										sën 						anë 	vouyagear 																dins 		un 		païs								esluegna	, 									"ountë
            "						dissipé 				tout 		soun 		bèn 			ën 					ëxcès	, 	ët 				ën 		desbaoutcbes																					.
77-roma-1326	13	. 												Pochs 				dis 		zieva 					haviand 									il 	filg 			juven 											accolt 			"tuot
            "							insemel				, 																																giet 																	in 				pajais 								dalônsch	, 		e 													disfet 		lô 		tuot 	il 				sieu	, 			"vivand
            "											schlaschedamang																					.
78-roma-1326	13	. 								Et 			davò 	brichia 					bleers 	dits 													ha 	il 				juven 											raspà 										insembel	lot			, 	et 								eis 					chiamina 																																			in 		ün 		pajais 								dalônsch 			et 		tschâ 					bal 						disfat 						"sea
            "		substanza 					vivond 											lischiergins																					.
79-lang-1309	13	. 												Paou 				de 		jhours 					après				, 					lou 			pus 	jhoûiné 	d’	aquelés 	"dous
            "	éfans 			en 	avé 			acampa 			tou 	so 	q’					avié																														s’	ën 					ané 																, 	dinz 		un 		péisbé 								anyena	, 									ounté 						"escampillé
            "				tou 		soun 		bé 			ën 													débaouchos																					.
81-prov-1235	13	. 								Eune 				escousse 											apreux				, 					l’			pu 	jeune 	d’	sé 	deux 	"éfants
            "							ramâssit 			tout 	sen 	mâgot 										et 																									s’	n 					allit 	valeter 																ava 		lé 		pais 								lointains	, 									ioù 	qu’	"i
            "				mangit 				tout 		sé 		quibus 														en 		bamboches																					.
82-prov-1235	13	. 												Quauqueis 						jours 					après 									lou 			plus 	jouïné 	deis 		dous 	"enfans
            "				aguen 			amassai 			tout 	ce 	qu’					avie 																														s’	en 					anet 																	dins 		un 		pays 			estrangier 				fuesso 	luen	. 									"Doûnté
            "						dissipet 				tout 		soun 		ben 			en 					esses 		et 				en 		debauchos																					.
83-prov-1235	13	. 												Doui 		di 									appressou 									rou 			chu 	jouvé 	de 	chi 	doui 	fanti				aguendou 			rejounchou 			toutou 	ce 	que 			l’		avéva				, 	ou 																									sé 	n’					anda 																	enté 		un 		paysé 			"straniou
            "				força 	longui	, 									oundé 						scouroubria 				tutou 	rou 	so 		ben 			en 					foulié 		et 				en 		débaucho																					.
84-high-1290	13	. 								Et 																																																																s’		étant 	retira 					de 	près	de		gliou	, 	él 							alla 																	dai 		"on
            "		pahis 								liai	, 									ivoé 			él 			dépeinça 		jò 				tson 		bein 																														avoé 	dès 	fénnés 		débautschies			.
85-fran-1270	13	. 								È 																																																																se 			retiret 						fueu 	d’	aivô 	lu 	; 	èl 							allet 																	dain 		in 		"pays
            "								éloingnie	, 									voù 			el 			dépensét 				tôt 		son 		bîn 			en 		vétisaint 																									aivô 	des 	fannes 	"de
            "	métscbainne 	vie		.
81-fran-1270	13	. 								Et 																																																																s’		étant 	retirie 					de 	devar 			liu 		al 							alla 																	dai 		in 		païs 							"bin
            "	lien 					youest 								al 			consuma 				tôt 		son 		bin 			en 		vivant 																									avo 	des 	fonnés		débautschies			.
82-fran-viva	13	. 								A 																																																																l’		ayant 	quitta 											al 	s’	on 					ollet 																	dans 		in 		pays 							bin 	eloingnie	, 									voù 			al 			dépodet 				tôt 		son 		bin 																														avo 	des 	fonne 	de 	movaje 	vie		.
