1-stan-1290	19	. 	et 	je 		ne 					suis 		plus 		digne 				d’			être 	appelé 			votre 	fils 	;  		traitez									-	"moi
            "					comme 									l’	un 	des 				serviteurs 	qui 	sont 	à 		vos 		gages				.
2-auve-1239	19	. — 									Sou 		pas 		digne 				d’			éstre 	appela 			voste 	fir 	; 		trata 										me  					coume 										un 	"de
            "		vostgis 		doumestiques											.
3-wall-1255	19	. 		Ji 		n’									mérite 	pus 			qui 	vos 	m’		ioumesse 			vosse 	fils	, 		"traity
            "										me 					comme 										onk 	di 		vos 		vârlets											.
4-wall-1255	19	. 	Vola qu’	j	u 	n’					so 		nin 		dignè 				d’			ess 	loumé 			vos 	fils	":
            "		prindo									-	me 			po 												onque 	du 		vos 		siervans											.
5-wall-1255	19	. 		Dji 		n’									merite 	pus 	asteur 		d’			ess 	nommé 			vosse 	fils	, 		"traitez
            "										me 					comme 										onque 	di 		vos 		vaurlets											.
6-wall-1255	19	. 		Je 		n’									mérite 	pus 			qu’	on 	m’		appelle 			t’	fieu	. 		Traite 										me 			"à mains 
            "		comme 										ein 	de 		tes 		manouvriers											.
7-camb-1242	19	. 		J’		n’					sus 		pus 		dinne 				d’			ête 	huké 			vos 	fins	. 		Traitéème 															"comme
            "										éen 	de 		vos 		varlets 	ki 	son 	à 		vos 		gages				.
8-arto-1238	19	. 	Et 			n’					sus 		pus 		daîne 				d’			ett’				vous	fiu	, 		traitém													tout ainsain-ye       		qu’										ain 	d’		chés 		varlets 	qui 	séont 	à 				liüage 	dains 	vous 	mazon	.
9-arto-1238	19	. 	Acheteur 	je 		n’					su 	mi 	pu 		digne 				d’			ête 	appiallé 			vo 	fiu	",
            "		trétême 															comme 										un 	de 		vos 	povres 	ovriers											.
10-arto-1238	19	. 	Et 	jen		ne 					su 		pu 		dingne 				d’			éte 	appelé 			vous 	fieu	. 		Traitême															comme 										un 	de 		chés 		gins 	qui 				vous 	servetent					.
11-wall-1255	19	. 	E 	jeun’							seu 		pu 		digne 				d’			és 	houchi 			vos 	t’afan			traito’										"m
            "					com 										unq 	d’		vo 			que 	son 	à 		v’		gâche				.
12-lorr-1242	19	. 	Et 	je 		not 							pu 		daigne 				qu’	on 	me 		houieusse 			vote 	offan	",
            "		tratieume 															coumme 										ainque 	dé 				valot 	qué 	sont 	et 		vos 		gaiges				.
13-lorr-1242	19	. 	Et 	je 		ne 					seum 				digne 				d’			ête 	hoï 			vote 	feu	; 		tratiome 															"comme
            "										un 	des 				valas 	que 	sont 	è 		vos 		gueges				.
14-lorr-1242	19	. 	Et 	je 		n’					seu 		pu 		digne 				q’	v	m		épelains 			vot 	fei 	; 		traétem 										"ema
            "															in 	des 				valats 	q’	va 	è 		vos 		gaiges				.
15-lorr-1242	19	. 		Je 		ne 					seï 	mi 			degne 	jema 			d’			êté 	namet 			voté 	fes	, 		trates 										"mé
            "					inna 										quin 	d’		veu 		vaula 	qui 	sant 	etne 				gaiges				.
16-alem-1243	19	. 		Y 		ne 					seu 		pe 		digne 		dorenaivint 		d’			être 	aiplait 			vot 	fés	".
            "		Traitaite 										me 					quoment 										un 	des 				valats 	que 	son 	ai 		vos 		gaiges				.
17-fran-1270	19	. 		Y 		ne 					seu 		pez 		digne 		astour 		d’			être 	appella 			veute 	"boube
            "			trate 										me 			mâque 		comment 										un 	de 		veus 		valas											.
18-fran-1270	19	. 		Y 		ne 					su 		pé 		digne 				d’			etre 	appella 			veute 	affant 	; 		"trâtîe
            "										me 					quement 										in 	de 		veus 		volots											.
19-fran-1270	19	. 		Je 		ne 					sent 		pu 		digne 				d’			etre 	eppella 			votre 	fé 	; 		recevet										me 					quement 										un 	de 		vos 		vôlots											.
20-fran-1270	19	. 		I 		n’					seu 		pà 		deigne 		estheure 		d’			être 	èpelê 			vont	gaichon	, 		treitâ									-	me 		don 			coument 									l’	iun 	d’		vôs 		vôlo											.
21-fran-1270	19	. 	Et 	i 		ne 					seû 		pu 		daigne 				d’			etre 	aippellai 			votre 	fils	",
            "		traitai									-	mai 					com 										ein 	des 				vauleu 	que 	sont 	à 		vos 		gaiges				.
22-fran-1270	19	. 	Et 	y 		ne 					seu 		pas 		deigne 							dêtre 	aippela 			vouete 	lis	, 		"traita
            "										me 					coume 									l’	un 	das 				sarviteurs 	que 	sont 	ai 		voues 		gaiges				.
23-bour-1247	19	. 		Y 		ne 									mairite 	pu 			d’			eitre 	aipelé 			voute 	flot 	: 			y 	"me
            "	trouros 	ben 	contant 	chi 	vous 	vleint 		me 				regairder 	comme 									l’	ein 	de 		"vos
            "		valots											.
24-poit-1241	19	. 		Y 		ne 									m’rite	pus 			d’			êtr’	appella 			voir’	afan 	: 		suffreis 										"me
            "					tan 	quiltement 						avec 						votraîs 		valé											.
26-poit-1241	19	. 		I 		ne 					seux 		pus 		digne 				que 	vous 	me 		noumiez 			vout 	fail 	";
            "		fasez 										me 					couine 							à 			in 	dez 				valet 	qui 	sont 	à 		vos 		gages				.
29-poit-1241	19	. 		I 		ne 					seus 		pas 		digne 				d’			être 	noumé 			voutre 	feuil 	; 		"traitez
            "										me 					coume 										in 	de 		vos 		valet											.
30-poit-1241	19	. 		Je 		ne 					seu 		pas 		digne 				d’			eytere 	appelé 			voutre 	gouya	",
            "		traité 										meu 					coume 										un 	dey 				valets 	que 	son 	a 		voutrey 		gages				.
31-limo-1246	19	. 		Je 		ne 					seu 		pu 		digne 				d’			etre 	apelé 			voutre 	ménage	. 		Traté 										"mé
            "					coumme 										un 	de 		vou 		valet											.
33-limo-1246	19	. 		Ye 		ne 					sai 		pû 		digné 				d			être 	àpéla 			votre 	fis	. 		Tratais 										"mé
            "					coumo 										un 	de 		votreys 		veleys											.
34-lang-1309	19	. 	Et 			non 					sus 		pus 		digné 				d’			estré 	opelat 			vostré 	fil	";
            "		trota									-	mé 					coume										un 	déous 				doumestiqués 		soun 	o 		vostrès 		gatzés				.
35-limo-1246	19	. 	Quo 			ne 						mé 			mérito 	pûs 			d’			étrê 	noumé 			votr’	efan	: 		"suffrissés
            "															tan 	soulablomein 	qu’	i 	vous 	servissé 		avaqué 						votraîs 		valais											.
36-limo-1246	19	. 				Ne 									mérité 	pas 			d’			éssé 	péla 			votre 	drolé	; 		fosez 										me 					coumo 							"a
            "		d’	uno 	dé 		votras 		monobras											.
37-limo-1246	19	. 		Yau 		né 					sey 		pus 		digné 				d’			étré 	appellâ 			votre 	fis	, 		"tratâs
            "										mé 					coumô 										un 	daus 				serviteurs 	que 	sount 	à 		votrés 		gagées				.
38-auve-1239	19	. 		lau 		ne 									mérite 	pas 			d’			être 	noumô 			votre 	garçon 	; 		treta 										"me
            "					coumo 										ein 	de 		votrei 		valei											.
39-lang-1309	19	. 		Iou 		ne 									mérité 	plus 			d’			estre 	opelat 			vostre 	fil	, 		trotam 										"me
            "					coum’										un 	de 		vostres 		doum’stics											.
40-lang-1309	19	. 		Iou 							sou 		pas 		digne 		aro 		d’			estre 	oppelat 			bounostre 	"fil
            "			trotaz 										me 		dounc 			coum’										un 	de 		bouostres 		doumestiques											.
41-lang-1309	19	. 				Nou 					soui 		plus 		dinne 				d’			estre 	appelat 			bostre 	fil	, 		trattas									-	me 					coumo 										un 	de 		bostres 		baylets											.
42-limo-1246	19	. 				Ne 					suy 		pa 	mey 	capable 				d’			este 	aperat 			boste 	gouyat 	":
            "		treté 										me 					coume 										un 	de 		bostez 		beyletz											.
43-gasc-1240	19	. 				Nou 					souy 		pas 	mes 	digne 				deou 				noum 	de 		boste 	hil 	":
            "		Traittas 										me 					coum’										un 	d’	eous 	bostes 		journaliés											.
44-lang-1309	19	. 				Nou 					soun 		pos 	pus 	digne 				d’			estr’	apelat 			bostre 	fill 	":
            "		trattamme 															coum’										un 	de 		bostris 		bailets											.
45-lang-1309	19	. 				Non 					soun 		pas 	mès 	dinne 				d’			este 	aperach 			boste 	hill	",
            "		traittai 										me 					coumo 										un 	de 		bostis 		baillets											.
46-lang-1309	19	. 	Et 	yeou 		nou 					soun 		pas 		dignè 				d’			estrè 	appèlat 			bostré 	"fils
            "	: 		tratats 										mè 					coumo 										un 	dès 		bostrés 		serbitous 	que 	soun 	a 		bostrés 		gatgés				.
47-lang-1309	19	. 	Ja 			nou 									mérité 	pas 			d’			estre 	appelât 			bostre 	fil	, 		tratax 										"me
            "					coumo 										un 	des 		bostris 		baillets											.
48-lang-1309	19	. 	Ja 			nou 									mérité 	pas 			d’			estre 	appellat 			bostre 	fil	, 		"tratax
            "										me 					coumo 										un 	des 		bostris 		baillets											.
49-cata-1291	19	. 		Jo 		no 					so 				digne 							ser 	anomenat 			vostre 	fill	, 		feu de 										mi 															"un
            "	dels 		mossos 		vostres											.
51-lang-1309	19	. 									Soun 		pas 	pus 	dignè 				d’			estre 	noummat 			bostré 	fil	",
            "		métetz									-	mé 			al reng 													de 		bostrés 		bailets											.
52-lang-1309	19	. 													Mérité 	pas pus 			d			estré 	appelât 			bostre 	effan	, 		trata 										"me
            "															un 	de 		bostrés 		barlechs											.
53-lang-1309	19	. 									Sioï 		pas 	pus 	dinne 				que 		m’		agayou 	couma 		bostre 	éfan	",
            "		fasés de 										yeou 					couma 									d’	un 	de 		bostres 		barlets											.
54-lang-1309	19	. 	Et 								soui 		pas 	pus 	digné 				d’			estre 	appelat 			bostré 	fil	, 	"més
            "	tratas 										mé 			soulomen 		coum									d’	un 	dés 		bostrés 		mercenaris											.
55-lang-1309	19	. 	E 	ion 		ni 					souï 		pas 	pus 	digné 				d’			estrè 	appelat 			toun 	fil	".
            "		Tratto 															coumo 										un 	dé 	tous 			doumesticos											.
56-lang-1309	19	. 									Soui 		pas 	pus 	digne 				d’			estre 	apelat 			vostre 	fil 		mais 	"trata
            "										me 					couma 										un 	de 		vostrés 		barles											.
58-viva-1235	19	. 		Ieou 			pouirei 	geamaï 	m’	otendre 									d’			estro 	noumà			vostré 	garçou	, 		mena										me 					coumo 										un 	de 		vostrés 		messagés											.
59-viva-1235	19	. 		Ou 							sio 		pas 		dignou 				d’			eitre 	apela 			votre 	garçou	; 		prenais										me 					coume 													votre 		valets											.
60-prov-1235	19	. 									Souï 		pa 	pus 	dignë 				d			estre 	apela 			voste 	fil 	: 		trata 										"mé
            "					coumo 										un 	de 		vostei 		variés											.
61-prov-1235	19	. 									Sôuï 		pas 	pus 	dignë 				d’			ëstrë 	apela 			vostë 	filh 	: 		tratas 										"më
            "					coume 										ün 	de 		vostës 		varlës											.
62-prov-1235	19	. 													Meriti 	pas 			que 		m’		appelloun 			vouestre 	fiéou 			trattas 										"mi
            "					coumo 						fes 	à 						vouestreis 		varlets											.
63-prov-1235	19	. 	Are 								sieou 		plus 		digné				d’			estré 	nouma 			vouastré 	fieou 	";
            "		trata 										mi 					coumo 										un 	de 		vouastrei 		varlets											.
64-prov-1235	19	. 													Mérité 	plus 			d’			estré 	apéla 			vosté 	enfan	, 		trata 										mé 					"coume
            "										un 	dé 		vostei 		travaïadou											.
65-viva-1235	19	. 									Sieou 		plus 		digné 				d’			ésse 	appella 			vouasté 	enfan 	; 		prenès										mé 					coumme 										un 	dé 		vouastés 		manobros											.
66-viva-1235	19	. 									Sieou 		pas 		dini 		avuro 		d’			éssé 	apela 			vouaste 	garçoun 	";
            "		trata 										mé 					coum’										un 	dé 		vouaste 		variés											.
67-viva-1235	19	. 									"Sieou 
              "	"déjà
             "	plus 		digne 				que 		me 		digoun 			vouesté 	enfan	, 		trata 										mé 					coume 										un 	dé 		vouestéis 		journadiés											.
68-viva-1235	19	. 									Sioû 		pas 		dignet 				d’			etret 	apella 			votret 	garçon 	: 		faset de									"
            "	mi 					coumet 									d’	un 	de 		volrés 		valés											.
69-viva-1235	19	. 				Nén 									méritou 	plus 			d’			ètré 	oppéla 			votré 	éfon 	; 		trétè 										"mé
            "					coummò 										ùn 	doou 				valèï 	qu’	ové									.
70-viva-1235	19	. 									Siou 		plus 		digue 				d’			estre 	appella 			voueste 	garçon 	; 		"trata
            "										me 					couine 						feria 			d’	un 	de 		vouestes 		doumesliques											.
71-fran-1269	19	. 		Ye 		ne 					sey 		pas 		digno 		ora 		d’			être 	appèlò 			voutrom 	fi 	";
            "		fréta 										mey 					quemin 										yon 	de 		voutrom 		valets											.
72-fran-1269	19	. 				Ne 					su 		pagni 		mertan 	mé		, 	que 	vo 	mè 		diéssè 			voutren 	infan	",
            "		mètè 										mè 			pire 		avu 													voutrè 		garson 											!
73-fran-1270	19	. 	Ja 			no 					so 				digne 				de 			ser 	anomenat 				fill 	: 		tractau										me					com 							à 			un 	de 		vostres 		jornalers 											;
74-fran-1270	19	. 	Et 	il 		ne 					su 		pas 		digno 				qu’	on 	mé 		nommai 			ton 	valé 	; 		fa									-	"mé
            "					kemen 							à 			ion 	dé 		tés 		auvrai 											!
75-viva-1235	19	. 	De 			ne 					sai 		plié 		digne 				qu’	on 	m’		apelle 			voutron 	fi 	; 		"fassi avouai 
            "										me	,		to 		queman 				vo 		fassi 	avouai 			yon 	de 		voutron		valets											.
76-viva-1235	19	. 	Et 								sieou 		plus 		dignë 				d’			estrë 	appëla 			voustë 	ënfan 	;		trata 										me 					coume 									l’	un 	das 				serviteurs 	que 	sount 	à 		voustës 		gagis				.
77-roma-1326	19	. 				Ne 					sum 				püdeng 				d’			esser 	nomn 			tieu 	filg	; 		trattam 															sco 										ün 	"da
            "		tieus 		mercenaris 											!
78-roma-1326	19	. 	E 			nu 					sun 				deng 				da 			gnir 	nommà 			tees 	filg 	; 		fa 										mei 					scô 										"ün
            "	da 		tees 		lavureints 											!
79-lang-1309	19	. 	É 			noun 					soui 		pus 		dignë 				d’			estre 	apela 			voste 	fil 	; 		"tratas
            "										me 					coumo 										un 	das 				variés 	që 	soun 	à 		vostes 		gagës				.
81-prov-1235	19	. 		Je 		n’									mérite 	pus 			qu’	i 	m’		appellent 			voile 	fieu	, 		mettez									"-
            "	mei 					d’père 							aveuques 						vos 		domestiques											.
82-prov-1235	19	. 				Noun 					siéou 		pas 		digné 				d’			estre 	appellat 			vouestre 	fiéou 	";
            "		traitas 										mi 					coumo 										un 	de 		vouestreis 		varlets 	qu’	avés 	a 		vouestris		gagis				.
83-prov-1235	19	. 	É 	mi 		nou 									méritou 		cha 		d’			éssé 	noumaou 		rou 	vostrou 	"fillou
            "	: 		trataï 										mé 					coum’										un 	dri 		vostri 		valleti 	qui 	son 	à 	ri 	vostri 		gagi				.
