1-stan-1290,12,.,,,dont,le,plus,jeune,,,,,,,,,,dit,,,,,à,son,père,:,,mon,père,",",,,,,,,,,,,donnez,-,moi,,ce,,,,,,qui,,,,,,,,doit,,me,,,revenir,de,votre,bien,,,,,,,.,Et,,,le,père,,,,,,leur,,,,fit,,,,le,partage,de,,son,,bien,,,,,,,,,,,.
10-arto-1238,12,.,,,Don,l',pu,jeune,,,,,,,,,,di,,,,,à,sin,père,:,,Min,pére,,,,,,,,,,,,donème,,,,eche,,,,,,qui,,,,,,,,douoît,,m',,,arvenir,ed,vous,bien,,,,,,,.,,,,L',pére,,,,,,leu,,,za,fait,,,,l',partage,ed,,sin,,bien,,,,,,,,,,,.
11-wall-1255,12,.,,,Don,l',pe,jaun,,,,,,,,,,di,,,,,a,s,per,:,,Mu,per,",",,,,,,,,,,,bayo'm,,,,ç',,,,,,qui,,,,,,,,do,,m',,,reveneu,de,vos,bin,,,,,,,:,etl,,,l',per,,,,,,esy,,,,f'gi,,,,l',partaché,de,,s',,bin,,,,,,,,,,,.
12-lorr-1242,12,.,,,,Lou,pu,jonne,des,,daut,,,,,,,déheu,,,,,ait,se,pairre,:,,,Papa,",",,,,,,,,,,,beilleume,,,,ce,,,,,,que,,,,,,,,deu,,me,,,revenain,dé,vote,bain,,,,,,,",",et,,,le,pairre,,,,,,li,,,ao,féyeu,,,,le,pertaige,de,,se,,bain,,,,,,,,,,,.
13-lorr-1242,12,.,,,,Lo,pus,jogne,,,,,,,,,,deheu,,,,,è,so,pere,:,,Mo,pere,,,,,,,,,,,,beïom,,,,ci,,,,,,que,,,,,,,,,,me,,,revenreu,de,vote,bin,,,,,,,.,Et,,,lo,pere,,,,,,les,,y,,fit,,,,lo,partege,de,,so,,bin,,,,,,,,,,,.
14-lorr-1242,12,.,,,,Lo,pu,jane,,,,,,,,,,d'jet,,,,,é,so,père,:,,Mo,père,",",,,,,,,,,,,beyem,,,,lè,qè',pé,,,,,,,,,,,,do,,m,,,érveni,d,vot,bin,,,,,,,;,et,,,lo,père,,,,,,lozi,,,,,,,,,pertéget,,,so,,bin,,,,,,,,,,,.
15-lorr-1242,12,.,,,Et,lo,pi,jeune,dehi,,,,,,,,,di,,,,,so,,père,:,,Mo,père,,,,,,,,,,,,denet,,mé,,let,port,de,,bé,,que,,,,,,,,,,me,,,revi,,,,,,,,,,,e,,,so,père,,,,,,li,,,,dené,,,,,,,,,,,,,,,,,,,,,.
16-alem-1243,12,.,,,Et,lo,pu,juene,,,,,,,,,,diait,,,,,ai,son,père,:,,,,,,,,,,,,,,,bayie,,me,,lai,pail,du,,bins,,que,,,,,,,,,,me,,,revint,,,,,,,,,,",",et,,,son,pêre,,,,,,,,y,a,bayé,,,,sai,pait,,,,,,,,,,,,,,,,.
17-fran-1270,12,.,,,A,lo,pu,june,,,,,,,,,,dit,,,,,à,son,paire,:,,mon,paire,,,,,,,,,,,,bayie,,me,,,pâs,dy,,bain,,que,,,,,,,,,,me,,,revint,,,,,,,,,,,et,,,son,père,,,,,,l',,y,,baillit,,,,,,,,,,,,,,,,,,,,,.
18-fran-1270,12,.,,,,Lo,pu,jûne,,,,,,,,,,diji,,,,,à,son,père,:,,,Père,",",,,,,,,,,,,ballie,,me,,la,pâ,de,,bin,,que,,,,,,,,,,me,,,vin,,,,,,,,,,:,,,,,,,,,a,,li,,,,,,,,,patagi,,,son,,bin,,,,,,,,,,,.
19-fran-1270,12,.,,,,Lo,pu,jeune,,,,,,,,,,dejeutet,,,,,,sô,père,:,,,,,,,,,,,,,,,bayet,,me,,let,pettie,de,mo,bie,,,,,,,,,,,,,,,,,,,,,,,,,;,et,,,,,,,,,,l',,y,,bayeut,,,,,,,,so,,pettège,,,,,,,,,,,.
2-auve-1239,12,. —,,,,Lou,pe,dzouïne,,,,,,,,,,diguet,,,,,à,soun,païre,:,,Moun,païre,",",,,,,,,,,,,donna,,me,,la,part,de,l',eiritadge,,que,,,,,,,,,,me,,,reveit,,,,,,,,,,.,,,,Lou,païre,,,,,,lour,,,,,,,,,v,,,sa,,fourtéuna,,,,,,,,,,,.
20-fran-1270,12,.,,,,Lou,pu,jeune,,,,,,,,,,dizit,,,,,è,son,pare,:,,,Pare,",",,,,,,,,,,,beillia,-,me,,lâs,,,,bin,,qu',i,,,,,,,doi,,,,,èvoi,pou,mè,paa,,,,,,,.,E,,,,,,,,,,lieux,,,,f'zit,,,,lou,peiteige,d',,sâs,,bins,,,,,,,,,,,.
21-fran-1270,12,.,,,,Le,pu,jeune,,,,,,,,,,dit,,,,,ai,son,pere,:,,,,,,,,,,,,,,,Baillai,,mai,,ce,,,,,,que,,,,,,,,do,,me,,,revenin,de,votre,bien,,,,,,,",",et,,,le,pere,,,,,,,,,,,,,,lo,pataigeai,,,son,,bien,,,,,,,,,,,.
22-fran-1270,12,.,,,Dont,lou,pu,juêne,,,,,,,,,,diset,,,,,ai,son,pere,:,,,père,,,,,,,,,,,,baillame,,,,ç',,,,,,qui,,,,,,,,,,me,doit,,rev'ni,de,vouete,bin,,,,,,,,et,,,lou,père,,,,,,liou,,,,fit,,,,le,paithiaige,de,,son,,bin,,,,,,,,,,,.
23-bour-1247,12,.,,,,Le,pu,zeune,das,,deux,,,,,,,dié,,,,,ai,son,père,:,,Mon,père,",",,,,,,,,,,,dounez,-,moi,,ce,,,,,,que,,,,,,,,,,me,,,revent,de,voûte,ben,et,qu',i,m',en,aile,:,chitôt,,,le,père,,,,,,,,en,,fié,,,,le,partaize,,,,,,,,,,,et,ly,baillé,sai,part,.
24-poit-1241,12,.,,,E,le,pûs,jaûne,,,,,,,,,,dissé,,,,,à,son,paire,:,,Mon,paire,,,,,,,,,,,,baillaîs,,m',,la,par,deux,,bien,,qu',i,seux,dain,l',cas,de,prétendre,,,,,,,,,,,,,,,,,e,,,l',paîre,,,,,,lour,,,,,,,,,partagé,,,son,,bien,,,,,,,,,,,.
25-limo-1246,12,.,,,Et,le,pus,jaûnè,dau,,doûe,,,,,,,dissé,,,,,à,soun,père,:,,Moun,père,",",,,,,,,,,,,donnas,,me,,ce,,,,,,que,,,,,,,,deû,,me,,,revenir,de,votre,bé,,,,,,,",",et,,,le,père,,,,,,lu,,,,,,,,,partagea,,,soü,,bé,,,,,,,,,,,.
26-poit-1241,12,.,,,Et,le,pus,jéne,,,,,,,,,,dicit,,,,,à,son,père,:,,Mon,père,",",,,,,,,,,,,baillez,,me,tout,mon,dret,de,voutre,benn,,,,,,,,,,,,,,,,,,,,,,,,,",",et,,,le,père,,,,,,leux,,,,,,,,,partagit,,tout,son,,benn,,,,,,,,,,,.
27-poit-1241,12,.,,,,Le,,deré,des,,deux,,,,,,,dissit,,,courue,ça,à,son,cher,,,,père,,,,,,,,,,de,li,partager,,,,la,goulée,de,,bin,,,,,,,,,,,,,,,,de,soun,héritage,,,,,,,,,,,,,,,,,,,,,,,,,,,,,,,,,,,,,,,,,,,;
28-poit-1241,12,.,,,,Le,plus,jeune,,,,,,,,,,dicit,,,,,à,son,père,:,,Mon,père,",",,,,,,,,,,,donnés,,me,,ma,part,du,,ben,,qne,,,,,,,,,,j',dois,,aver,,,,,,,,,,",",et,,,le,père,,,,,,,,,,fit,,,,keû,partage,,,,,,,,,,,,,,,,.
29-poit-1241,12,.,,,Don,le,pus,jenne,,,,,,,,,,dicit,,,,,à,son,père,:,,Mon,père,",",,,,,,,,,,,baillez,,me,,le,,,,benn,,qu',i,,,,,,,deus,,,,,avoirt,pre,mon,lot,,,,,,,",",et,,,i,,,,,,,leus,,,,fasit,,,,le,partage,de,,son,,benn,,,,,,,,,,,.
3-wall-1255,12,.,,,,Li,pus,jône,des,,deux,,,,,ly,,dit,,,,,,,,:,,,pêre,,,,,,,,,,,,diné,,m',,çou,,,,,,qui,,,,,,,,,,m',,,vint,,,,,,,,,,,et,vola,qu',ilz,,,,,,,,,y,,fait,,,,leu,pârteche,,,,,,,,,,,,,,,,.
30-poit-1241,12,.,,,Dou,le,pu,jeune,,,,,,,,,,dissit,,,,,à,son,pere,:,,Mon,pere,,,,,,,,,,,,baillez,,meu,,ce,,,,,,que,,,,,,,,,,je,dioui,,augere,de,voutre,bien,,,,,,,.,Et,,,le,pere,,,,,,les,,y,,,,,,,partagit,,,son,,bien,,,,,,,,,,,.
31-limo-1246,12,.,,,,Le,pu,jeune,d',entre,s'eu,,,,,,,dicit,,,,,à,son,père,:,,Mon,père,",",,,,,,,,,,,dounés,,mé,,san,,,,,,que,,,,,,,,deut,,me,,,reveni,de,voutre,bien,,,,,,,",",et,,,le,père,,,,,,le,s',y,,,,,,,partagit,,,son,,bien,,,,,,,,,,,.
32-limo-1246,12,.,,,Et,lou,pu,jauoné,dauou,,doû,,,,,,,dissé,,,,,à,soun,paï,:,,Moun,paï,",",,,,,,,,,,,baillame,,,,lo,par,daou,,bé,,qué,,,,,,,,,,me,,,rêvé,,,,,,,,,,",",et,,,lou,paï,,,,,,li,,,,,,,,,partagé,,,soun,,bé,,,,,,,,,,,.
33-limo-1246,12,.,,,Dont,lou,pû,djouné,,,,,,,,,,dicé,,,,,à,soun,pay,:,,Maoun,pay,",",,,,,,,,,,,donnés,,me,,la,part,daôu,,bé,,que,,,,,,,,,,m',ey,à,revenîr,,,,,,,,,,",",et,,,lou,pay,,,,,,tour,,,,,,,,,partadgé,,,soun,,bé,,,,,,,,,,,.
34-lang-1309,12,.,,,Doun,lou,pus,tzoïné,,,,,,,,,,diguoit,,,,,o,soun,païré,:,,Moun,païre,",",,,,,,,,,,,donna,,nié,,so,,,,,,que,,,,,,,,deou,,me,,,révéni,de,vostre,bé,,,,,,,.,Et,,,lou,païré,,,,,,lour,,,,foguet,,,,lou,portatzé,dé,,soun,,bé,,,,,,,,,,,.
35-limo-1246,12,.,,,E,lé,pus,jouné,,,,,,,,,,disset,,,,,à,soun,paîré,:,,Moun,paîré,",",,,,,,,,,,,baillà,,me,,la,porcié,dette,,bé,,qu',,,,,,,,,,i,podé,,preteindré,,,,,,,,,,,é,,,lé,païré,,,,,,lourr,,,,,,,,,partaget,,,soun,,bé,,,,,,,,,,,.
36-limo-1246,12,.,,,,Lou,pus,jauné,de,,ïis,,,,,,,disset,,,,,au,,paï,:,,,Paï,",",,,,,,,,,,,boillas,,mé,,lo,part,de,,denado,,qué,,,,,,,,,,me,,,revet,,,,,,,,,,",",et,,,au,,,,,,,,,,,,,,,,partiguet,,,su,,bésugno,entre,,ïs,,,,,,,,.
37-limo-1246,12,.,,,Doun,lou,pus,jauné,,,,,,,,,,dissé,,,,,à,soun,paï,:,,,,,,,,,,,,,,,Dounâs,,mé,,lo,part,dé,,bé,,qué,,,,,,,,,,mé,deu,,révénis,,,,,,,,,,",",et,,,lou,paï,,,,,,lour,,,,fagué,,,,lou,partagé,de,,soun,,bé,,,,,,,,,,,.
38-auve-1239,12,.,,,,Le,pu,dzone,,,,,,,,,,digue,,,,,mey,son,payre,:,,Moun,payre,",",,,,,,,,,,,beila,,me,,le,,,,be,,que,,,,,,,,,,me,guiou,,revenir,,,,,,,,,,.,,,,Le,payre,,,,,,,,,,partadze,,,,,,,,son,,bé,entre,,y,,,,,,,,.
39-lang-1309,12,.,,,,Lou,pu,ziouve,,,,,,,,li,,diguet,,,,,,,,:,,Mon,païre,,,,,,,,,,,,dounamme,,,,lo,par,del,,be,,que,,,,,,,,,,me,diou,,reveni,,,,,,,,,,;,,,,lou,païre,,,,,,lour,,,,,,,,,partexeit,,,lou,,be,,,,,,,,,,,.
4-wall-1255,12,.,,,Et,l',pu,jône,des,,deuss,,,,,,,diha,,,,,atoû,s',pere,:,,,Pere,,,,,,,,,,,,dunome,,,,lu,l',pari,do,héritegche,,qui,,,,,,,,,,m',,,vint,,,,,,,,,,.,Et,,,i,,,,,,,,,,,,,,,,parliha,,,s’,,bin,inte,l',eux,deuss,,,,,,,.
40-lang-1309,12,.,,,Dount,lou,pus,choube,,,,,,,,,,diguet,,,,,à,son,pèro,:,,Mon,pèro,,,,,,,,,,,,dounarme,,,,lou,,,,bé,,qua,,,,,,,,,,iou,dube,,obure,per,mo,part,,,,,,,;,é,,,el,,,,,,,lour,,,,fosquèt,,,,lou,partache,de,,soun,,bè,,,,,,,,,,,.
41-lang-1309,12,.,,,,Lou,pu,joube,d',,elis,,,,,,,digue,,,,,al,,paire,:,,Moun,pero,",",,,,,,,,,,,dounas,,me,,la,pourciou,de,,be,,que,,,,,,,,,,me,,,reben,,,,,,,,,,.,,,,Lou,païre,,,,,,lour,,,,,,,,,partagée,,,lou,,be,,,,,,,,,,,.
42-limo-1246,12,.,,,,Lou,pu,jeune,,,,,,,,,,dissut,,,,,à,soun,pay,:,,Moun,pay,,,,,,,,,,,,baillé,,mé,,la,pourtioun,de,boste,bien,,que,,,,,,,,,,me,,,rében,,,,,,,,,,",",et,,,,,,,,,,les,,y,,,,,,,partaget,,,soun,,bien,,,,,,,,,,,.
43-gasc-1240,12,.,,,,Lou,,caddet,,,,,,,qu',eou,,digouc,,,,,,,,:,,,Pay,,,,,,,,,,,,baillats,,me,,la,pourtioun,,,,,qui',,,,,,,,,,em,,,rebencq,s',eou,ben,,,,,,,:,é,,,lou,pay,,,,,,eous,,,,,,,,,partagée,,,lou,,ben,,,,,,,,,,,.
44-lang-1309,12,.,,,É,le,pus,jouen,d',entre,elles,,,,,,,diguec,,,,,al,,paire,:,,Moun,paire,,,,,,,,,,,,dounamme,,,,la,pourciou,de,,be,,que,,,,,,,,,,m',,,apparte,,,,,,,,,,,é,,,,,,,,,,yous,,,,dibisec,,,,,,,,le,,be,,,,,,,,,,,.
45-lang-1309,12,.,,,,El,més,joués,d',,aquéris,,,,,,,disec,,,,,à,sou,pay,:,,,Papay,!,,,,,,,,,,,baillai,,m',,éra,pourtiou,de,,be,,que,,,,,,,,,,m',,,atoco,,,,,,,,,,,et,,,sou,pay,,,,,,l',,y,ac,baillec,,,,,,,,,,,,,,,,,,,,,.
46-lang-1309,12,.,,,,Lè,pus,jouèné,,,,,,,,,,diguèc,,,,,à,soun,payré,:,,Moun,payré,",",,,,,,,,,,,dounats,,mè,,soquè,,,,,,,,,,,,,,,,me,diou,,rèbèni,de,bostrè,bè,,,,,,,",",et,,,lè,payré,,,,,,lour,,,,fèc,,,,lè,partatgè,de,,soun,,bè,,,,,,,,,,,.
47-lang-1309,12,.,,,Et,le,pus,joube,,,,,,,,,,diguec,,,,,à,son,paire,:,,,,,,,,,,,,,,,Dounax,,me,,la,pourtiou,des,,bés,,que,,,,,,,,,,me,,,perloquo,,,,,,,,,,;,et,,,le,paire,,,,,les,lour,,,,debiseg,,,,,,,,,,,,,,,,,,,,,.
48-lang-1309,12,.,,,Et,le,pus,joube,,,,,,,,,,diguec,,,,,à,son,,,,,paire,,,,,,,,,,,,dounax,,me,,la,pourtion,des,,bés,,que,,,,,,,,,,me,,,portoquo,,,,,,,,,,",",et,,,le,paire,,,,,les,lour,,,,debiseg,,,,,,,,,,,,,,,,,,,,,.
49-cata-1291,12,.,Y,digue,,lo,mes,jove,de,,élis,,,,,,,,,,,,al,,pare,:,,,Pare,",",,,,,,,,,,,daü,,me,,la,part,de,,be,,que,,,,,,,,,,me,,,pertoca,,,,,,,,,,",",,,,y,,,,,,,lis,,,,dividi,,,,,,,,lo,,be,,,,,,,,,,,.
5-wall-1255,12,.,,,Et,l',pu,djoonne,di,,zels,,,,,,,dit,,,,,à,s',pére,:,,,Père,",",,,,,,,,,,,donnez,-,me,,li,,,,légitime,,qui,,,,,,,,,,m',,,vint,,,,,,,,,,.,Et,,,i,,,,,,,leus,,,a,fait,,,,,,,,leu,,paure,,,,,,,,,,,.
51-lang-1309,12,.,,,Et,lé,pus,joubé,,,,,,,,,,diguéc,,,,,à,soun,païré,:,,Moùn,païré,",",,,,,,,,,,,dounatz,-,mé,,la,partido,dal,,bé,,qué,,,,,,,,,,mé,,,rében,,,,,,,,,,;,et,,,lé,païré,,,,,,,,,,dibiséc,,,,,,,,lé,,bé,entré,sous,,dous,mainachés,,,,,,.
52-lang-1309,12,.,,,,Lou,pu,jouiné,d',éntré,élés,,,,,,,diguet,,,,,à,soun,païré,:,,Moun,païré,",",,,,,,,,,,,bailat,,me,,la,pourtiou,dai,,bé,,que,,,,,,,,,,me,,,reben,,,,,,,,,,",",et,,,lou,païré,,,,,,,,,,,,,,,partaget,,,soun,,bé,à,sous,,,effans,,,,,,.
53-lang-1309,12,.,,,,Lou,pus,jouine,,,,,,,,,,diguèt,,,,,a,soun,pèra,:,,Moun,pera,,,,,,,,,,,,douna,,me,,la,part,de,bostre,biande,,que,,,,,,,,,,me,,,coumpeta,,,,,,,,,,,et,,,lou,père,,,,,,ye,,,,,,,,,partaget,,,sa,,bianda,,,,,,,,,,,.
54-lang-1309,12,.,,,Dount,lou,pus,joubé,,,,,,,,,,diguet,,,,,à,soun,païré,:,,Moun,païré,",",,,,,,,,,,,donnas,,mé,,la,part,de,bostre,bé,,qué,,,,,,,,,,mé,deu,,rébéni,,,,,,,,,,;,et,,,lou,païré,d,àquéles,éfans,,,lour,,,,faguet,,,,lou,partaxé,de,,soun,,bé,,,,,,,,,,,.
55-lang-1309,12,.,,,,Lou,pu,geouve,d',,aquélei,,,,,,,diguét,,,,,à,soun,pero,:,,Moun,pero,,,,,,,,,,,,douno,,mi,,la,part,del,,bè,,che,,,,,,,,,,mi,deou,,veni,,,,,,,,,,.,Ensi,,,lou,pero,,,,,,li,,,,divisét,,,,,,,,soun,,bè,,,,,,,,,,,.
56-lang-1309,12,.,,,,Lou,pu,jouiné,,,,,,,,,,diguet,,,,,à,soun,pèra,:,,moun,pèra,",",,,,,,,,,,,donna,,mé,,lou,,,,ben,,qué,,,,,,,,,,mé,déou,,révéni,per,ma,par,,,,,,,:,é,,,el,,,,,,,,,yé,,faguet,,,,lou,partagé,dé,,soun,,bén,,,,,,,,,,,.
57-auve-1239,12,.,,,,Lou,plu,djoueine,,,,,,,,,,diguet,,,,,à,son,paire,:,,,Païre,",",,,,,,,,,,,beila,,me,,ma,part,d',,aquo,,que,,,,,,,,diou,,me,,,revegnir,,,,,,,,,,,et,,,lou,païre,,,,,,,,,,,,,,,partadget,,,soun,,bè,à,sous,,,efons,,,,,,.
58-viva-1235,12,.,,,Doun,lou,pu,gieuiné,,,,,,,,,,diguet,,,,,o,soun,pèro,:,,Moun,pèro,",",,,,,,,,,,,donna,,mé,,lou,,,,bé,,que,,,,,,,,,,me,déou,,révéni,per,ma,par,,,,,,,,é,,,,,,,,,,liour,,,,fague,,,,lou,partagé,de,,soun,,bé,,,,,,,,,,,.
59-viva-1235,12,.,,,,Lou,plus,jieune,,,,,,,,,,disseguait,,,,,à,soun,peire,:,,,Peire,",",,,,,,,,,,,baillais,,me,,ce,,,,,,que,,,,,,,,,,me,,,revaindriot,de,vostre,successio,,,,,,,;,et,,,lou,peire,,,,,,li,,,,mépartissait,,,,,,,,soun,,biein,,,,,,,,,,,.
6-wall-1255,12,.,,,,Le,,r'culot,,,,,,,,,,dit,,,,,à,s',pée,:,,,Pée,",",,,,,,,,,,,baille,,me,,l',part,de,,bié,,qui,,,,,,,,,,me,,,r'viet,,,,,,,,,,;,et,,,le,pée,,,,,,leu,,,,baille,,,,,,,,leu,,part,,,,,,,,,,,.
60-prov-1235,12,.,,,Et,lou,,cadé,,,,,,,,,,dighé,,,,,à,soun,péro,:,,Moun,péro,",",,,,,,,,,,,beïla,-,mé,,la,par,,,,,que,,,,,,,,deou,,me,,,révéni,de,vosté,ben,,,,,,,;,et,,,lou,péro,,,,,,yé,,,,,,,,,partagé,,,soun,,ben,,,,,,,,,,,.
61-prov-1235,12,.,,,,Lou,pu,jhouiné,,,,,,,,,,dighé,,,,,à,soun,përo,:,,Moun,përo,",",,,,,,,,,,,baila,,më,,la,par,daoü,,bën,,që,,,,,,,,,,më,de,,ourëvëni,,,,,,,,,,;,ë,,,lou,përo,,,,,,iëus,,,,,,,,,partighe,,,lou,,bën,,,,,,,,,,,.
62-prov-1235,12,.,,,,Lou,plus,jouven,,,,,,,,,,diguet,,,,,à,soun,païré,:,,Moun,païré,",",,,,,,,,,,,dounai,-,mi,,ma,part,de,vouestre,ben,,,,,,,,,,,,,,,,,,,,,,,,,",",et,,,lou,païre,,,,,,,,,,,,,,,partisset,,,soun,,ben,,,,,,,,,,,.
63-prov-1235,12,.,,,,Lou,plus,pichoun,,,,,,,,,,diguét,,,,,à,soun,païré,:,,Moun,païré,",",,,,,,,,,,,dounas,,mi,,ce,,,,,,qué,,,,,,,,,,mi,,,reven,de,vouastré,ben,,,,,,,;,,,,lou,païré,,,,,,,,,,faguel,,,,lou,partagé,de,tout,ce,que,poussédavo,,,,,,,,,,,.
64-prov-1235,12,.,,,,Lou,pu,dzoüiné,,,,,,,,,,digue,,,,,à,soun,père,:,,Moun,père,",",,,,,,,,,,,donna,,me,,lou,,,,ben,,que,,,,,,,,,,me,déou,,révéni,per,ma,par,,,,,,,",",é,,,lou,père,,,,,,,,,,,,,,,partadzé,,,soun,,ben,entré,,élei,,,,,,,,.
65-viva-1235,12,.,,,,Lou,pu,jouiné,d',,elles,,,,,,,digue,,,,,ou,,péré,:,,,,,,,,,,,,,,,Beylaï,,me,,la,pourtioun,de,vouasté,ben,,que,,,,,,,,,,me,,,réven,,,,,,,,,,;,et,,,lou,péré,,,,,,,,,,,,,,,partagé,,,sei,,béns,eoumé,,eou,,,,,,,,.
66-viva-1235,12,.,,,Dounté,lou,pu,jiouné,,,,,,,,,,digué,,,,,à,soun,péré,:,,Moun,péré,",",,,,,,,,,,,donna,,mé,,lou,,,,bén,,que,,,,,,,,,,mé,déou,,véni,per,ma,part,,,,,,,;,é,,,,,,,,,,lur,,,,fagué,,,,lou,partagi,dé,,soun,,bén,,,,,,,,,,,.
67-viva-1235,12,.,,,E,lou,plus,jouiné,d',,eléis,,,,,,,digué,,,,,oou,,pairé,:,,,Pairé,",",,,,,,,,,,,donna,,mé,,la,pourcién,de,vouesté,bén,,qué,,,,,,,,,,mé,,,révén,,,,,,,,,,;,éli,,,,,,,,,,,,,,,,,,,partagé,,,soun,,bén,,,,,,,,,,,.
68-viva-1235,12,.,,,Et,lou,plus,jeunet,,,,,,,,,,diguet,,,,,à,son,pèret,:,,,Pèret,",",,,,,,,,,,,bélâ,,met,,la,part,de,,bien,,che,,,,,,,,,,met,,,revint,,,,,,,,,,",",et,,,lou,pèret,,,,,,lour,,,,diviset,,,,,,,,son,,bien,,,,,,,,,,,.
69-viva-1235,12,.,,,,Lou,plus,dzuèné,doou,,doux,,,,,li,,dicèt,,,,,,,,:,,Moun,péré,",",,,,,,,,,,,bèilè,,mé,,cé,,,,,,que,,,,,,,,pouo,,mé,,,révénî,doou,,bien,,,,,,,;,et,,,lou,péré,,,,,,lou,,,,foguè,,,,lou,portadzé,,,,,,,,,,,,,,,,.
7-camb-1242,12,.,,,,El,pus,josne,,,,,,,,,,di,,,,,à,sin,père,:,,Min,père,",",,,,,,,,,,,donném,,,,chou,,,,,,ki,,,,,,,,peut,,m',,,revnir,d',vos,bins,,,,,,,.,Et,,,c'heus,père,,,,,,lieus,,,a,fé,,,,l',partage,d',,sin,,bin,,,,,,,,,,,.
70-viva-1235,12,.,,,,Lou,pu,jouvé,,,,,,,,,,dissec,,,,,à,soun,père,:,,Moun,père,",",,,,,,,,,,,beila,,me,,la,portion,dou,,be,,que,,,,,,,,,,me,,,reven,,,,,,,,,,;,et,,,lou,père,,,,,,,,,,fecen,,,chasquen,,,,,sa,,part,,,,,,,,,,,.
71-fran-1269,12,.,,,Don,le,pie,dzouveno,,,,,,,,,a,det,,,,,à,son,père,:,,Mon,père,",",,,,,,,,,,,baillé,,mey,,le,,,,bin,,que,,,,,,,,,,me,dey,,venir,por,mon,drey,,,,,,,,et,,,é,,,,,,,lieu,,,z'a,,,,,,partadgia,,,son,,bin,,,,,,,,,,,.
72-fran-1269,12,.,,,,Le,plie,dzouvenou,dei,,d'oû,fa,de,on,,,,dzo,,,,,a,son,père,:,,,Sègno,!,,,,,,,,,,,baliîde,,mè,,mon,drei,dau,,bin,.,que,,,,,,,,,,mè,pau,,pèrveni,,,,,,,,,,.,,,,Le,père,,,,,,l’,,,a,,,,,,partadzi,,,le,,bin,,,,,,,,,,,.
73-fran-1270,12,.,,,,Le,pieu,tsgeuvène,dé,,,,,,,,,,,,,,,,,,,,,,,,,,,,,,,,do,,,,,,,,,,,,,,,,,,préya,,,,,,,,,,,,,,,,,,,son,pére,de,,,,,gli,,,,baill,,,,,,,,,,,,,,,,,,,,,.
74-stan-1289,12,.,,,,Yl,mes,petit,,,,,,,,,,digué,,,,,à,son,pare,:,,,Pare,",",,,,,,,,,,,dounaume,,,,la,part,,,,,quem,,,,,,,,toca,,,,,,de,vostres,bens,,,,,,,.,Y,,,ell,,,,,,,los,,,,reparti,,,,,,,,los,,bens,,,,,,,,,,,.
75-fran-1270,12,.,,,Dont,le,,derrai,,,,,,,,,,déjà,,,,,a,son,paire,:,,Mon,paire,",",,,,,,,,,,,baille,-,mé,,la,fonda,dé,,bin,,que,,,,,,,,,,me,dai,,venir,,,,,,,,,,.,Dinse,,,il,,,,,,,lô,,,,,,,,,partadja,,,sé,,bins,,,,,,,,,,,.
76-viva-1235,12,.,,,,Le,pé,djouânne,,,,,,,,,,dezai,,,,,à,son,pâre,:,,,,,,,,,,,,,,,Bailli,,mé,,cen,,,,,,que,,,,,,,,dai,,me,,,revegni,de,voutron,bein,,,,,,,;,é,,,le,pâre,,,,,,leu,,,,fesé,,,,le,partage,de,,son,,bein,,,,,,,,,,,.
77-viva-1235,12,.,,,Dount,lou,pu,jouvë,,,,,,,,,,dise,,,,,à,soun,pèrë,:,,,,,,,,,,,,,,,Douna,,më,,la,part,dou,,ben,,quë,,,,,,,,dëou,,më,,,rëvenir,,,,,,,,,,",",ët,,,lou,pèrë,,,,,,lour,,,,fasë,,,,lou,partâgi,dë,,soun,,bèn,,,,,,,,,,,.
78-roma-1326,12,.,,,Et,il,,juven,d',,els,,,,,,,dschel,,,,,al,,bap,:,,,Bap,!,,,,,,,,,,,dom',,,,la,part,della,,facolted,,ch',,,,,,,,,,im,po,,tucher,,,,,,,,,,.,Et,,,el,,,,,,,,,,,dividet,ad,els,,,,,,le,,facolted,,,,,,,,,,,.
79-roma-1326,12,.,,,Et,il,,juven,da,,els,,,,,,,dscheva,,,,,al,,bap,:,,,Bap,",",,,,,,,,,,,da,a,mei,,la,portiun,della,,substanza,,qua,la,,,,,,,,a,mei,,,tocca,,,,,,,,,,;,et,,,el,,,,,,,,,,ha,part,ad,els,,,,,,la,,substanza,,,,,,,,,,,.
80-lang-1309,12,.,,,,Lou,pus,jhouiné,,,,,,,,,,diguet,,,,,à,soun,pero,:,,Moun,pero,",",,,,,,,,,,,donna,,mi,,so,,,,,,që,,,,,,,,,,mi,deou,,reveni,de,voste,bë,,,,,,,;,é,,,lou,pero,,,,,,lus,,,,fagné,,,,lou,partagë,de,,soun,,bë,,,,,,,,,,,.
8-arto-1238,12,.,,,,L',pus,jone,,,,,,,,,,dit,,,,,à,sain,père,:,,main,père,",",,,,,,,,,,,baillé,,m',,chou,,,,,,qui,,,,,,,,douo,,me,,,r'v'nir,ed,vous,bien,,,,,,,,et,,,leu,père,,,,,,,,,,partit,,,,,,,,leu,sain,bien,,,,,,,,,,,.
81-fran-1269,12,.,,,,Le,plie,dzôueno,d’,intre,lau,,,,,,,deje,on,dzoi,,,a,schon,pare,:,,,Schèna,!,,,,,,,,,,,baliîdè,,mè,,la,pâ,dè,,bin,,que,,,,,,,,,,mè,pau,,rèvigni,,,,,,,,,,.,,,,Le,schèna,,,,,,,,,,balia,,,,lei,partadza,,,schon,,drei,,,,,,,,,,,.
82-poit-1241,12,.,,,,Le,pu,jène,dau,,deux,,,,,,,d'cit,in,jou,,,à,son,père,:,,Mon,p'pa,,,,o,faut,quou,m,,,,,bail'illez,,,,la,part,,,,,qui,,,,,,,,,,me,,,revint,de,vout,succession,,,,,,,,,,,,,,,,,,,,,,,,,,,,,,,,,,,,,,,,,,,.
83-prov-1235,12,.,,,Dei quaous,lou,pu,jouiné,,,,,,,,,,diguet,,,,,à,soun,pero,:,,Moun,pero,",",,,,,,,,,,,douna,,mi,,lou,ben,,,,,que,,,,,,,,deou,,mi,,,revenir,de,soun,ben,,,,,,,;,é,,,,,,,,,,li,lou,,,fé,,,,,partagi,à,,ma,,,,,,,,,,,,part,.
84-norm-124(,12,.,,,,Le,pu,jeune,,,,,,,,,,dit,,,,,à,sen,père,:,,Men,père,",","qu’i fil,",,,,,,,,,,baillez,-,mei,,,,,,,,c’qui,,,,,,,,deit,,m’,,,erveni,d’,votte,bien,,,,,,,.,Et,,,l’,bonhomme,,,,,,lui,,,,fit,,,,dé,lots,d’,,sen,,bien,,,,,,,,,,,.
85-prov-1235,12,.,,,,Lou,plus,jouiné,,,,,,,,,,diguet,,,,,à,soun,pèro,:,,Moun,pèro,",",,,,,,,,,,,douna,,mi,,,,,,,,ce  que,,,,,,,,deou,,mé,,,revenir,de,vouestre,ben,,,,,,,",",et,,,lou,péro,,,,,,,,,,faguet,,,,lou,partagi,de,,soun,,ben,,,,,,,,,,,.
86-prov-1235,12,.,,,Dounde,rou,chu,jouve,,,,,,,,,,diché,,,,,à,so,par,:,,,Pa,",",,,,,,,,,,,da,-,mé,,,,,,,,ce qui,,,,,,,,,,mé,po,,revegnir,drou,vostrou,ben,,,,,,,,et,,,rou,par,,,,,,gué,,,,fé,,,,rou,partajou,drou,,so,,ben,,,,,,,,,,,.
87-high-1290,12,.,,,,Le,pieu,geouvenne,dés,,,,,,,,,do,,,,,,son,père,,,,,,,,,,,,,,de,gli,baillie,,,,la,part,,,,,qu’,,,,,,,,préya,qu’él povait prétèder à,,,,,,s’n,hertage,,,,,,,,,,,,,,,,,,,,,,,,,,,,,,,,,,,,,,,,,,,.
88-fran-1270,12,.,,,,Le,pus,djeuene,des,,doux,,,,,,,prayét,,,,,,son,père,,,,,,,,,,,,,,de,yi,baiyîe,,,,lè,paït,,,,,,,,,,,,,,qu’-l porai prétendre en,,,,,,son,héritaige,,,,,,,,,,,,,,,,,,,,,,,,,,,,,,,,,,,,,,,,,,,
89-fran-1270,12,.,,,,Le,pieu,geovenne,dés,,doux,,,,,,,praïa,,,,,,son,père,,,,,,,,,,,,,,de,li,baillie,,,,la,pert,,,,,,,,,,,,,,qu’al poïait prétodre à,,,,,,son,hairtaige,,,,,,,,,,,,,,,,,,,,,,,,,,,,,,,,,,,,,,,,,,,
90-fran-1270,12,.,,,,Lo,pus,geüne,des,,doux,,,,,,,prayoit,,,,,,son,pâre,,,,,,,,,,,,,,dy,,bayet,,,,sa,pourtioun,de,son,hartage,,,,,,,,,,,,,,,,,,,,,,,,,,,,,,,,,,,,,,,,,,,,,,,,,,,,,,,,,,,,,
9-arto-1238,12,.,,,,El,pu,jonne,,,,,,,,,,dit,,,,,à,sén,père,:,,,,,,,,,,,,,,,doné,,,,m',part,de,men,ben,,,,,,,,,,,,,,,,,,,,,,,,,",",et,,,sén,père,,,,,,,,,la,,,,,,partagié,,,,,,,,,,,,,,,,.
