id,mot,latitude,longitude
PerigueuxChancelade,omè,45.204633651169,0.666123365941642
SavignaclesÉglisesSavignaclesÉglises,omè,45.2740403,0.9147818
SavignaclesÉglisesCubjac,omè,45.2226162,0.9402413
SaintPierredeChignacLaDouze,omè,45.0614511,0.8629891
ThenonBrouchaud,omè,45.2058999,0.9985981
TerrassonLavilledieuLaBachellerieLaularie,omè,45.1318038072179,1.18561880666736
MonpazierBiron,omè,44.6312198,0.8725428
VillamblardBeauregard,omè,44.9941775342369,0.644001818219512
SainteAlvereTremolat,omè,44.8767438765089,0.83215410527053
VerteillacChampagneetFontaine,omè,45.4225,0.3180556
RiberacVilletoureix,omè,45.2635099,0.3640631
MussidanSourzac,omè,45.0486931,0.3953505
NeuvicVallereuil,omè,45.0717467,0.5014427
NeuvicSaintVincentdeConnezac,omè,45.16306,0.39675
ChampagnacdeBelairChampagnacdeBelair,omè,45.3941667,0.7005556
LanouailleSaintSulpicedExcideuil,omè,,
PerigueuxChâteaulÉvêque,homé,45.2452966,0.6861762
SavignaclesÉglisesLeParnetbis,homé,45.2629436591999,0.82481226793417
SavignaclesÉglisesLeParnet,homé,45.2609634342942,0.831286638859921
SavignaclesÉglisesAntonneetTrigonant,homé,45.2131143589075,0.83096799848027
SavignaclesÉglisesSarliacsurlIsle,homé,,
ExcideuilSaintMartialdAlbarede,homé,,
ExcideuilSaintGermaindesPres,homé,45.3419501,0.9912891
ExcideuilSaintMesmin,homé,45.352683,1.2052684
ExcideuilSaintPantalydExcideuil,homé,,
ExcideuilExcideuil,homé,45.337548197067,1.0486302572322
SaintPierredeChignacSaintPierredeChignac,homé,45.1242,0.85664
SaintPierredeChignacSainteMariedeChignac,homé,45.13086,0.82839
SaintPierredeChignacSaintLaurentsurManoire,homé,45.1474041,0.7947935
SaintPierredeChignacBoulazac,homé,45.1801801,0.7691334
VergtLacropte,homé,45.03633,0.83079
VergtVeyrinesdeVergt,homé,45.0032801,0.7711022
SaintAstierManzacsurVern,homé,45.0852972,0.5871083
SaintAstierMontanceix,homé,45.150118,0.5744989
SaintAstierAnnesseetBeaulieu,homé,45.175,0.5919444
HautefortHautefort,homé,45.2594367,1.146062
HautefortGrangesdAns,homé,,
SalignacEyviguesPaulin,homé,45.002690965089,1.34631999362469
SalignacEyviguesSalignac,homé,45.0100284,0.5084703
SalignacEyviguesArchignacbis,homé,45.0182282049233,1.31663333447699
SalignacEyviguesSaintGenies,homé,44.9942738360716,1.24841230725656
SalignacEyviguesSaintCrepinetCarlucet,homé,44.9605184,1.2731243
VillefrancheduPerigordLoubejac,homé,44.5934155,1.087872
VillefrancheduPerigordVillefrancheduPerigordbis,homé,44.6384687999367,1.08745373690194
VillefrancheduPerigordLavaur,homé,44.6129697,1.0230515
VillefrancheduPerigordCampagnaclesQuercy,homé,44.6944254,1.1739057
VillefrancheduPerigordSaintCernindelHerm,homé,44.64023,1.03398
SaintCyprienMouzens,homé,44.8460613,1.012664
SaintCyprienAllaslesMines,homé,44.8339933,1.0729999
SaintCyprienBezenac,homé,44.84294,1.09018
SaintCyprienBerbiguieres,homé,44.834,1.04239
BugueManaurie,homé,,
TerrassonLavilledieuPazayac,homé,45.1214406,1.3788083
TerrassonLavilledieuPeyrignac,homé,45.1574825630669,1.19206539417888
TerrassonLavilledieuColy,homé,45.0845747452129,1.26716669362842
TerrassonLavilledieuBeauregarddeTerrassonLardin,homé,45.1441705317784,1.21915805612948
BelvesSaintGermaindeBelves,homé,44.8046359,1.0484739
BelvesLoubejac,homé,44.5934155,1.087871
BelvesMonplaisant,homé,44.7894342,0.9968386
BelvesSaintAmanddeBelves,homé,44.76097,1.03734
BelvesBelvester,homé,44.7777779650012,1.01112667735268
DommeDomme,homé,44.8022673,1.2140018
DommeGrolejac,homé,44.8175097,1.2946445
DommeCenac,homé,44.8033131,1.2007249
DommeLaChapellePechaud,homé,44.7801296,1.1140854
DommeSaintAubindeNabirat,homé,44.7314285,1.2900859
DommeSaintCybranet,homé,44.7875138,1.1668691
DommeDommebis,homé,44.8092143907841,1.21747853805663
DommeSaintMartialdeNabirat,homé,44.7438871,1.259358
SarlatCazenac,homé,44.8600808,1.1244124
SarlatVezac,homé,44.8337757390717,1.16444166961402
SarlatSarlat,homé,44.8937110603928,1.21527385371461
SarlatTamnies,homé,44.9655881,1.1477252
SarlatLaRoqueGageac,homé,44.8255441,1.1834985
SarlatSarlatbis,homé,44.8889073481731,1.21673297538275
SarlatBeynac,homé,44.8457209062434,1.14505112299666
SarlatMarcillacSaintQuentin,homé,44.9503414,1.2120776
SarlatSaintVincentlePaluel,homé,44.8918983,1.2862753
SarlatMarcillac,homé,44.9627292610842,1.19651138676891
SarlatMarquay,homé,44.9434,1.1338208
CarluxCalviacenPerigord,homé,44.8548251,1.333307
CarluxCarlux,homé,44.8828415598541,1.35433867223911
CarluxPeyrillac,homé,44.886549,1.4083846
CarluxMillac,homé,44.9026913231767,1.40439134627505
CarluxSimeyrols,homé,44.9081887,1.3397368
CarluxAillac,homé,44.8836690645989,1.35311875812209
CarluxCazoules,homé,44.882745,1.4326328
CarluxPratsdeCarlux,homé,44.9047823,1.3143779
MontignacAubas,homé,45.08148,1.19009
MontignacSaintLeonsurVezere,homé,45.010916,1.0893596
MontignacThonac,homé,45.02172,1.1171
MontignacSergeac,homé,45.002885,1.1066281
BuissondeCadouinAllessurDordogne,homé,,
BuissondeCadouinBouillac,homé,,
BuissondeCadouinLeBuissondeCadouin,homé,,
LalindeVicq,homé,44.8988276,0.7452755
LalindeSaintCapraisedeLalinde,homé,44.8430556,0.6544444
LalindePressignac,homé,44.895005,0.722815
LalindeMauzac,homé,44.864061,0.7980814
LalindeLalinde,homé,44.8371855,0.7387986
MonpazierVergtdeBiron,homé,44.63303,0.84126
MonpazierSoulaures,homé,44.6499,0.92262
VillamblardIssac,homé,45.01476,0.45064
VillamblardSaintMartindesCombes,homé,44.9562367,0.6144256
VillamblardCampsegret,homé,44.9347296,0.5600646
LaForceMonfauconSud,homé,44.899493,0.261038
LaForceLaForcebis,homé,44.867659,0.397291
LaForcePrigonrieuxbis,homé,44.8612244161131,0.407835997708933
LaForceBosset,homé,44.9512,0.3554304
EymetFonroque,homé,44.7014165,0.4177933
EymetEymet,homé,44.6681229,0.3984795
IssigeacConnedeLabarde,homé,44.7797584,0.5534887
IssigeacSaintCernindeLabarde,homé,44.76346,0.57203
IssigeacIssigeac,homé,44.7304484,0.6069877
IssigeacMonmadales,homé,44.7670132,0.6210015
IssigeacBouniagues,homé,44.75885,0.52672
IssigeacIssigeacbis,homé,44.7393769731246,0.611900117498417
IssigeacBardou,homé,44.7373241,0.6839343
BeaumontduPerigordLabouquerie,homé,44.74201,0.79538
BeaumontduPerigordNojalsetClotte,homé,44.7253774,0.7576591
BeaumontduPerigordNaussannes,homé,44.7577409,0.7252006
BergeracBergeracbis,homé,44.8590593596918,0.490216577133671
BergeracSaintGermainetMons,homé,44.8441,0.59387
BergeracCoursdePile,homé,44.8411135,0.5459787
SigoulesRazacdeSaussignac,homé,44.8039905,0.284873
SigoulesRibagnac,homé,44.765811,0.4976479
SigoulesMonestier,homé,44.7730905,0.3285026
SigoulesMescoules,homé,44.7478756,0.4309744
VillefranchedeLonchatCarsacdeGurson,homé,44.9474308,0.091145
VillefranchedeLonchatSaintMartindeGurson,homé,44.9526021,0.1076912
VillefranchedeLonchatMinzac,homé,44.9732874,0.038044
SainteAlvereSaintLaurentdesBâtons,homé,44.9594487,0.7385086
SainteAlvereGrandCastang,homé,44.9013987,0.755573
SainteAlverePezuls,homé,44.91335,0.80639
VelinesPortSainteFoy,homé,44.8439926800704,0.194905768865137
VelinesSaintMicheldeMontaigneBonnefare,homé,44.8716117703128,0.0069422139608929
VelinesVelines,homé,44.8593413,0.1073984
VelinesVelinesbis,homé,44.868326428887,0.107989740747196
VelinesSaintMicheldeMontaigneBourg,homé,44.8747740344642,0.0301164982897156
VelinesSaintSeurindePrats,homé,44.8279478,0.0758194
VerteillacCherval,homé,45.3947645,0.3742264
VerteillacCercles,homé,45.3646846,0.4613677
VerteillacLaChapelleMontabourlet,homé,45.3941727,0.4637646
VerteillacBouteillesSaintSebastien,homé,45.3458333,0.3052778
VerteillacCerclesLaMarteille,homé,45.3601881084174,0.487740879067302
VerteillacBertric,homé,45.3030964607423,0.358763608353421
VerteillacNanteuil,homé,45.38554784116,0.291164856454603
VerteillacLusignac,homé,45.3280556,0.3123791
VerteillacSaintMartialViveyrol,homé,45.3583333,0.3394444
RiberacComberancheetÉpeluche,homé,45.2726296,0.2871798
RiberacAllemans,homé,45.2864902,0.3084206
MontagrierTocaneSaintApre,homé,45.2542027,0.4972878
MontagrierSegonzac,homé,45.2057438150972,0.448653090503334
MontagrierGrandBrassac,homé,45.2942699,0.4786542
MontagrierTocaneSaintAprebis,homé,45.2567005046864,0.507119024547233
MontagrierChapdeuil,homé,45.3423789,0.4750679
MussidanSaintMedarddeMussidan,homé,45.0447827,0.3449927
MussidanBeaupouyet,homé,44.9973742,0.2736296
MussidanSaintLouisenlIsle,homé,,
MussidanBourgnac,homé,45.0162322377614,0.404659398072496
SaintAulayeLaJemaye,homé,45.1707309,0.2576933
MontponÉchourgnac,homé,45.1256528,0.229781
MontponMenesplet,homé,45.0169415,0.1051785
MontponMontponbis,homé,45.0094556101233,0.162693259717957
MontponEygurandeetGardedeuilPalem,homé,45.0964249212683,0.152477565292606
MontponSaintMartialdArtenset,homé,,
MareuilSaintCrepindeRichemont,homé,45.4194444,0.6013889
MareuilChampeaux,homé,45.4739713538859,0.578233236454749
MareuilSaintFelixdeBourdeilles,homé,45.4166667,0.5691667
SaintPardouxlaRiviereSaintPardouxlaRiviere,homé,45.4941667,0.7466667
NontronNontron,homé,45.5294784,0.6618726
NontronNontronbis,homé,45.5336939690794,0.666296674576236
NontronTeyjat,homé,45.5858634963739,0.575638693790595
NontronSavignacdeNontron,homé,45.5419914,0.7224473
NontronAugignac,homé,45.5920486,0.7017889
ChampagnacdeBelairLaChapelleFaucher,homé,45.37167,0.75278
ChampagnacdeBelairCondatsurTrincou,homé,45.3830556,0.7088889
ChampagnacdeBelairBoulouneix,homé,45.3834101959963,0.576686071154939
BussiereBadilSoudat,homé,45.62358,0.56386
LanouaillePayzac,homé,45.4016667,1.2186111
LanouailleSaintCyrlesChampagnes,homé,45.3797222,1.2891667
LanouailleLanouaille,homé,45.392287,1.1383271
LanouailleSarrazac,homé,45.4372591315935,1.03198040852364
PerigueuxPerigueux,homè,45.1909365,0.7184407
SavignaclesÉglisesCoulaures,homè,45.3065736,0.9822283
SavignaclesÉglisesSavignaclesÉglisesbis,homè,45.2823131778501,0.924533033858988
SavignaclesÉglisesMayac,homè,45.2808165707927,0.943949733987045
ExcideuilGenis,homè,45.3259904,1.1624565
SaintPierredeChignacEyliac,homè,45.16108,0.85396
SaintPierredeChignacBassillac,homè,45.1913737,0.81311
SaintAstierSaintLeonsurlIsle,homè,45.1168801,0.497873
SaintAstierLaChapelleGonaguet,homè,45.2309431,0.6125317
SaintAstierMensignac,homè,45.2282951355517,0.561493527145112
SaintAstierMontrem,homè,45.1342846,0.5899533
HautefortChourgnac,homè,45.2367071,1.0598278
HautefortHautefortter,homè,45.2641429284034,1.14620263937124
BrantômeAgonac,homè,45.29233,0.74936
BrantômeSencenacPuydeFourches,homè,45.3070727,0.6636417
BrantômeBourdeilles,homè,45.3217639,0.5871282
BrantômeBiras,homè,45.28735,0.63853
ThenonLaBoissieredAns,homè,,
ThenonBars,homè,45.0999478,1.0633322
ThenonThenon,homè,45.1378376616607,1.07047080856153
BelvesBelvesbis,homè,44.7843786722747,1.01210746285107
VillamblardSaintJeandEyraud,homè,,
SigoulesRouffignacdeSigoules,homè,44.7818242,0.4499898
VerteillacCoutures,homè,45.3306555154849,0.394254720052601
RiberacSaintPardouxdeDrône,homè,45.2253579,0.4210264
MontagrierSaintJust,homè,45.335578568197,0.505848763006261
MontagrierMontagrier,homè,45.2698903,0.4780573
MontagrierDouchapt,homè,45.2427042,0.4428044
MontagrierPaussacetSaintVivien,homè,45.3482252,0.5392852
MontponMontpon,homè,45.0086062531858,0.159560307670862
MareuilLeguillacdeCercles,homè,45.3921759,0.514031
SaintPardouxlaRiviereMialet,homè,45.550518,0.9045666
JumilhacleGrandJumilhacleGrand,homè,45.4936287,1.0619624
LanouailleAngoisse,homè,45.4280556,1.1380556
PerigueuxCoulounieixChamiers,omé,45.1566728181789,0.689551659194694
BrantômeBrantôme,omé,45.3646685345461,0.646728929012852
ThenonAjat,omé,45.15597,1.01583
ThenonAzerat,omé,45.1499525,1.1227156
ThenonLimeyrat,omé,45.15983,0.98004
SalignacEyviguesEyvigues,omé,44.9353541,1.3623749
VillefrancheduPerigordPratsduPerigord,omé,44.69123,1.06629
SaintCyprienCouxetBigaroque,omé,44.8336552,0.972785
SaintCyprienSaintCyprien,omé,44.8693315,1.0461817
SaintCyprienTayac,omé,44.8653747,1.3339595
BugueJourniac,omé,,
BugueMauzensetMiremont,omé,,
TerrassonLavilledieuGrezes,omé,45.1047625524283,1.36470648731209
TerrassonLavilledieuTerrassonbis,omé,45.12616555254855,1.3045038622194023
DommeNadalie,omé,45.0500398,0.7177549
CarluxSainteMondane,omé,44.8453145,1.3363947
CarluxOrliaguet,omé,44.91218,1.36538
MontignacLaChapelleAubareil,omé,45.0138109,1.1816528
MonpazierMonpazierbis,omé,44.6860274501969,0.902288922592308
MonpazierMonpazier,omé,44.67998,0.89374
MonpazierCapdrot,omé,44.681197,0.9209994
VillamblardMontagnaclaCrempse,omé,44.9806229,0.5458686
LaForceFraisse,omé,44.929463,0.306782
EymetRazacdEymet,omé,,
EymetSaintAubindeCadelech,omé,44.6931801,0.4809981
EymetSainteEulaliedEymet,omé,,
IssigeacMontaut,omé,44.74751,0.6258
IssigeacSaintAubindeLanquais,omé,44.7930433,0.5970138
BeaumontduPerigordSainteCroix,omé,44.73702,0.82615
BeaumontduPerigordBeaumontduPerigord,omé,44.7667555,0.7668346
BergeracSaintLaurentdesVignes,omé,44.8161224,0.4542574
SigoulesSigoulesbis,omé,44.7664309250753,0.415469559500231
SigoulesSigoules,omé,44.7588738,0.4097781
SigoulesSaussignac,omé,44.8014957,0.3264929
VillefranchedeLonchatSaintRemy,omé,44.9456,0.187533
VelinesMontazeau,omé,44.8937155,0.1297751
RiberacSioracdeRiberac,omé,45.1972033,0.3588633
MontagrierCreyssac,omé,45.3082955155399,0.551937970369254
MontagrierCelles,omé,45.2975677,0.4135916
NeuvicChanterac,omé,45.1726127,0.4466075
NeuvicBeauronne,omé,45.0950649687741,0.380631971265774
NeuvicNeuvic,omé,45.1006366,0.469149
NeuvicSaintAquilin,omé,45.1860003,0.4937783
MareuilMareuil,omé,45.4564066953194,0.45489843365527
ThiviersSaintJeandeCôle,omé,45.4212284,0.8384225
ThiviersSaintRomainetSaintClement,omé,45.424362,0.8631506
SaintPardouxlaRiviereFirbeix,omé,45.6017826932888,0.975505986738328
NontronNontronter,omé,45.5319762046864,0.671703824547233
BussiereBadilÉtouars,omé,45.60152,0.62771
LanouailleSarlande,omé,45.4517238620073,1.11419510834687
PerigueuxTrelissac,ômé,45.1970172,0.7835042
SavignaclesÉglisesNegrondes,ômé,45.3452711,0.8646705
VergtFouleix,ômé,44.98466,0.68049
HautefortBadefolsdAns,ômé,,
SalignacEyviguesBorreze,ômé,44.95394,1.38826
BugueFleurac,ômé,,
BelvesBelves,ômé,44.7751847,1.0068584
MontignacAuriacduPerigord,ômé,45.1058,1.135886
MontignacRouffignacSaintCernindeReilhac,ômé,45.0485331325259,0.963063691698636
BeaumontduPerigordSaintAvitSenieur,ômé,44.774419,0.819202
MussidanSaintFrontdePradoux,ômé,45.05507,0.36365
JumilhacleGrandSaintJorydeChalais,ômé,45.4989797,0.8997848
JumilhacleGrandSaintPriestlesFougeres,ômé,45.5430043,1.0101651
PerigueuxChampcevinel,hôme,45.2155556,0.7272222
SaintAulayeSaintAulaye,hôme,45.2040818,0.1381374
PerigueuxMarsacsurlIsle,hommè,45.1858333,0.6619444
SaintPierredeChignacBlisetBorn,hommè,45.1820511,0.9076695
BrantômeValeuil,hommè,45.3328734,0.6170398
VillefranchedeLonchatSaintMearddeGurçon,hommè,44.9090789,0.1823845
VerteillacLaTourBlanche,hommè,45.364730774105,0.447120863638653
VerteillacVerteillac,hommè,45.3473878,0.3662938
VerteillacBourgdesMaisons,hommè,45.3379134,0.4356072
RiberacRiberac,hommè,45.2477778,0.3397222
MussidanSaintMartinlAstier,hommè,,
MussidanSaintLaurentdesHommesbis,hommè,45.0425965284263,0.262880447560896
NeuvicSaintJeandAtaux,hommè,,
MontponMenesterol,hommè,45.0183714212748,0.15330290422927
SaintPardouxlaRiviereFirbeixPauliac,hommè,45.5970337893867,0.926712975835456
SaintPardouxlaRiviereSaintSaudLacoussiere,hommè,45.5436482,0.8185259
NontronLaChapelleSaintRobert,hommè,45.5713485983913,0.559996963933062
SavignaclesÉglisesCornille,hommmè,45.2509931,0.7843361
SavignaclesÉglisesSorges,aumè,45.3080310719242,0.872619960923924
SavignaclesÉglisesLeChange,aumè,45.1948394,0.8927535
RiberacVanxains,aumè,45.2160308,0.2856664
SaintAulayeFestalemps,aumè,45.2264504,0.2409257
SavignaclesÉglisesSaintPantalydAns,hommei,,
TerrassonLavilledieuLaFeuillade,hommei,45.1163922711478,1.39955069095761
MareuilLesGraulges,hommei,45.4955471,0.4413187
JumilhacleGrandMontcigoux,hommei,45.6055497,1.0033022
SavignaclesÉglisesSaintVincentsurlIsle,hommé,,
SavignaclesÉglisesLigueux,hommé,45.30813,0.81893
ExcideuilSaintJorylasBloux,hommé,45.3625982,0.9665802
SaintPierredeChignacMilhacdAuberoche,hommé,,
SaintPierredeChignacNotreDamedeSanilhac,hommé,45.1216105,0.7156878
VergtSaintMicheldeVilladeix,hommé,44.9857254,0.7219503
VergtÉgliseNeuvedeVergt,hommé,45.08298,0.73108
VergtVergt,hommé,45.0256456434893,0.719162298705411
VergtChalagnac,hommé,45.09176,0.67604
SaintAstierJaure,hommé,45.0563545,0.5538534
HautefortCoubjours,hommé,45.2474468,1.2563294
BrantômeSaintJuliendeBourdeilles,hommé,45.35974,0.5888994
VillefrancheduPerigordFontenillesdAigueparse,hommé,,
SaintCyprienMeyrals,hommé,44.8988503,1.0629543
SaintCyprienTursac,hommé,44.9686567406825,1.04593402725884
SaintCyprienSaintChamassy,hommé,44.8725245,0.9267498
SaintCyprienMarnac,hommé,44.8359971,1.0262753
SaintCyprienSaintVincentdeCosse,hommé,44.8419053,1.1187406
SaintCyprienSireuil,hommé,44.9394866,1.0740809
SaintCyprienAudrix,hommé,44.8800011,0.9468018
BugueMortemart,hommé,,
TerrassonLavilledieuLavilledieu,hommé,45.1385821993489,1.27415580667008
TerrassonLavilledieuLeLardinSaintLazare,hommé,45.1285324,1.2302677
TerrassonLavilledieuLaBachellerie,hommé,45.1465943726657,1.15608904392869
TerrassonLavilledieuLaDornac,hommé,45.08139,1.35916
BelvesFongalop,hommé,44.7258193,0.9627752
BelvesLarzac,hommé,44.74693,1.0075
BelvesSainteFoydeBelves,hommé,44.7339,1.0345
DommeSaintLaurentlaVallee,hommé,44.7491972,1.1099704
DommeGrezelle,hommé,44.7692307,1.1405713
DommeBouzic,hommé,44.72622,1.2192
DommeGaumier,hommé,44.7265856,1.263541
DommeVeyrinesdeDomme,hommé,44.7946503,1.1056628
SarlatSainteNathalene,hommé,44.9040523,1.286757
SarlatVitrac,hommé,44.8289164,1.2257288
SarlatSaintAndredAllas,hommé,,
CarluxSaintJuliendeLampon,hommé,44.8607354,1.3632959
CarluxVeyrignac,hommé,44.8320108,1.3100538
MontignacLeMoustier,hommé,44.9938305,1.0589872
MontignacValojoulx,hommé,45.0192157,1.1432954
MontignacLesFarges,hommé,45.1149548112066,1.1907140666456
MontignacMontignac,hommé,45.0631458711918,1.15546614119843
BuissondeCadouinPaleyrac,hommé,,
BuissondeCadouinCales,hommé,,
LalindeLioracsurLouyre,hommé,44.89651,0.64358
LalindeLalindeSainteColombe,hommé,44.874661,0.739994
LalindeBaneuil,hommé,44.850414,0.686999
LalindeVerdon,hommé,44.8104526,0.630947
LalindeSauvebœuf,hommé,44.848877,0.778484
LalindeCouzeetSaintFront,hommé,44.8280556,0.7069444
LalindeCausedeClerans,hommé,44.86186,0.66656
MonpazierMarsales,hommé,44.68791,0.88461
MonpazierSaintMarcory,hommé,44.72304,0.93256
MonpazierSaintAvitRiviere,hommé,44.75091,0.88224
MonpazierSaintRomaindeMonpazier,hommé,44.71734,0.86961
VillamblardClermontdeBeauregard,hommé,44.95135,0.63874
VillamblardLaveyssiere,hommé,44.9312360646656,0.433656917241841
LaForceLeFleix,hommé,44.8745753,0.2431468
LaForceLesLeches,hommé,44.9891843,0.3843002
LaForceLunas,hommé,44.9177778,0.4038889
LaForceGinestet,hommé,44.909339,0.426414
LaForceSaintGery,hommé,44.983023,0.324265
LaForcePrigonrieux,hommé,44.855306,0.4030054
LaForceLaForce,hommé,44.867138,0.375212
EymetSerresetMontguyard,hommé,44.6738234,0.4530499
EymetSaintCapraisedEymet,hommé,,
EymetSaintJuliendEymet,hommé,,
EymetRouquette,hommé,44.679544,0.398283
IssigeacFalgueyrat,hommé,44.680113,0.537572
IssigeacFaux,hommé,44.788847,0.641226
IssigeacMandacou,hommé,44.713259,0.549143
IssigeacMonmarves,hommé,44.7090437,0.612309
BeaumontduPerigordMontferrandduPerigord,hommé,44.75059,0.86582
BeaumontduPerigordSainteSabineBorn,hommé,44.69247,0.7506
BeaumontduPerigordBayac,hommé,44.80365,0.72591
BeaumontduPerigordBourniquel,hommé,44.808862,0.7736328
BergeracMouleydier,hommé,44.85493,0.59467
BergeracLamonzieMontastruc,hommé,44.89542,0.59293
BergeracBergeracSainteMadeleine,hommé,44.846764,0.482191
BergeracLembras,hommé,44.88396,0.52247
BergeracSaintNexans,hommé,44.80435,0.54749
BergeracBergerac,hommé,44.8534568,0.487531
SigoulesFlaugeac,hommé,44.7481847288996,0.441901713204612
SigoulesGardonne,hommé,44.8361742,0.3296012
SigoulesCuneges,hommé,44.7790984,0.3717439
SigoulesLamonzieSaintMartin,hommé,44.8433333,0.3847222
SigoulesMonbazillac,hommé,44.7930913351638,0.490909088576188
VillefranchedeLonchatVillefranchedeLonchat,hommé,44.9491667,0.0580556
VillefranchedeLonchatSaintGerauddeCorps,hommé,44.9520717,0.2268816
SainteAlverePaunat,hommé,44.9053718,0.8588365
SainteAlvereSainteFoydeLongas,hommé,44.9252291,0.7512326
SainteAlvereSainteAlvere,hommé,44.9461247,0.811125
SainteAlvereSainteAlverebis,hommé,44.9521796202166,0.813091546531767
SainteAlvereLimeuil,hommé,44.8834900439442,0.890254352545184
VelinesSaintAntoinedeBreuilh,hommé,44.8450346,0.1542712
VelinesSaintVivien,hommé,44.8928672088711,0.102090119906187
VelinesFougueyrolles,hommé,44.8657759,0.1857197
VelinesMontcaret,hommé,44.8594444,0.0644444
MontagrierSaintVictor,hommé,45.26311,0.43801
NeuvicSaintAndredeDouble,hommé,45.1466247,0.3186475
SaintAulayeServanches,hommé,45.1442152,0.1571148
SaintAulayeSaintVincentJalmoutiers,hommé,45.20251,0.1923585
MontponLePizou,hommé,45.0244607173397,0.0625624506693708
MontponSaintBarthelemydeBellegarde,hommé,45.0768414,0.2097629
MareuilMonsec,hommé,45.4217155374688,0.53257556768615
MareuilBeaussac,hommé,45.4937898,0.4978568
MareuilVieuxMareuil,hommé,45.4318264,0.4993633
MareuilSaintSulpicedeMareuil,hommé,45.4683333,0.5075
ThiviersNantheuil,hommé,45.4134464,0.9449856
SaintPardouxlaRiviereSaintFrontlaRiviere,hommé,45.4730556,0.7272222
SaintPardouxlaRiviereMilhacdeNontron,hommé,45.4683333,0.7813889
NontronJaverlhac,hommé,45.5694607,0.561207
NontronSaintMartinlePin,hommé,45.555929,0.6114632
ChampagnacdeBelairQuinsac,hommé,45.4287117,0.7046508
ChampagnacdeBelairChampagnacdeBelairter,hommé,45.3952941369573,0.706707885661083
BussiereBadilBusserolles,hommé,45.6757519,0.6424738
JumilhacleGrandSaintPierredeFrugie,hommé,45.5734979,0.99794
LanouailleNanthiat,hommé,45.4079567,0.9858037
LanouaillePayzacLavergneGaillaud,hommé,45.4450502734311,1.2233314724838
ExcideuilPreyssacdExcideuil,hômè,,
VillamblardSaintJeandEstissac,hômè,,
VerteillacLaChapelleGresignac,hômè,45.3942108,0.3377271
MussidanSaintLaurentdesHommes,hômè,45.0369822,0.2539172
BussiereBadilChampniersetReilhac,hômè,45.6733333,0.7319444
ExcideuilExcideuilbis,ôme,45.3399614598898,1.04905941066804
JumilhacleGrandSaintPaullaRoche,ôme,45.4777414,0.9988587
SaintPierredeChignacSaintGeyrac,hômé,45.08746,0.914
VergtSaintMaimedePereyrol,hômé,45.0145321,0.6472144
SaintAstierLeguillacdelAuche,hômé,45.184683,0.556257
HautefortHautefortbis,hômé,45.2672124818368,1.14692067737886
BugueSaintCernindeReillac,hômé,,
BugueSaintFelixdeReillac,hômé,,
TerrassonLavilledieuChavagnac,hômé,45.0893470360968,1.37423896197272
SarlatLaCaneda,hômé,44.8577434,1.238213
MontignacPeyzac,hômé,44.9912437683055,1.07911273469196
BuissondeCadouinMolieres,hômé,,
VillamblardÉgliseNeuvedIssac,hômé,,
VillamblardDouville,hômé,44.9989667,0.5857891
IssigeacSaintLeondIssigeac,hômé,,
VelinesPonchapt,hômé,44.8898566,0.20306
SaintAulayePonteyraud,hômé,45.1937757,0.2425932
MareuilPuyrenier,hômé,45.47832,0.4729
ThiviersVaunac,hômé,45.3638364,0.8641715
ThiviersCorgnacsurlIsle,hômé,,
ThiviersLempzours,hômé,45.36126,0.81813
SaintPardouxlaRiviereChampsRomain,hômé,45.5319444,0.7761111
NontronNontronneau,hômé,45.5305322666617,0.607170073069288
NontronAbjatsurBandiat,hômé,45.5858333,0.7588889
NontronLussas,hômé,45.5055139176774,0.583738296606267
NontronLeBourdeix,hômé,45.5892772285081,0.633498972646062
NontronSaintMartialdeValette,hômé,45.5172222,0.6508333
JumilhacleGrandChalais,hômé,45.5074252,0.926825
JumilhacleGrandLaCoquille,hômé,45.5403684455938,0.97532803891927
SaintPierredeChignacAtur,hômmé,45.1413842,0.7486027
VergtCreyssensacetPissot,hômmé,45.07884,0.66132
VergtSaintAmanddeVergt,ômmé,44.9868,0.6969
VergtBreuilh,nomè,45.0576209440928,0.757030011570386
SaintAstierCoursac,homei,45.1297222,0.6394444
HautefortSainteEulaliedAns,homei,,
HautefortTourtoirac,n'homé,45.2716148,1.0583436
SarlatProissans,n'homé,44.9346874,1.2535362
LaForceSaintPierredEyraud,n'homé,,
RiberacSaintMearddeDrône,n'homé,45.2487631,0.4192411
NeuvicSaintSeverindEstissac,n'homé,,
HautefortNailhac,ome,45.2266913,1.1531811
BrantômeLisle,ome,45.2787444,0.5481384
DommeSaintPompont,ome,44.7261516,1.1463779
MontignacPlazac,ome,45.0352048,1.0396967
BuissondeCadouinCussac,ome,,
LalindeSaintMarcelduPerigord,ome,44.9156193,0.7123095
BeaumontduPerigordMonsac,ome,44.7628,0.6997
MussidanSaintFrontdePradouxbis,ome,45.0638241275728,0.365943148951139
MussidanMussidan,ome,45.0369509,0.3642959
HautefortTempleLaguyon,houmé,45.2333715,1.1021427
HautefortCherveixCubas,n'hômè,45.2902646,1.1154522
BussiereBadilPiegutPluviers,n'hômè,45.623611,0.690277
BrantômeLislebis,ômê,45.2876753686096,0.555848178032731
BrantômeSaintFrontdAlemps,nomé,,
BuissondeCadouinBadefolssurDordogne,nomé,,
BeaumontduPerigordRampieux,nomé,44.71411,0.79647
SigoulesGageacetRouillac,nomé,44.7976585,0.3498861
VerteillacAuriacdeBourzac,nomé,45.3731207,0.2601651
ChampagnacdeBelairSaintPancrace,nomé,45.4280332,0.6651169
LanouailleDussac,nomé,45.3949,1.08145
BrantômeBussac,ômè,45.2727953330928,0.607665854282268
MussidanSaintMicheldeDouble,ômè,45.0791792,0.288958
MareuilLaRochebeaucourt,ômè,45.4699641211467,0.388511097512405
BrantômeEyvirat,n'ome,45.3233756396582,0.753162968745019
ThenonSainteOrse,n'hommè,45.2028136,1.075663
ThenonGabillou,homē,45.20584,1.03444
ThenonFossemagne,ômet,45.12659,0.98506
SalignacEyviguesArchignac,n'hommé,45.01044,1.31173
VerteillacSaintPaulLizonne,n'hommé,45.3199733,0.2808065
NontronConnezac,n'hommé,45.51201,0.52903
SalignacEyviguesSaintCrepinetCarlucetbis,houmo,44.966515395375,1.28282766358529
VillefrancheduPerigordVillefrancheduPerigord,hōmé,44.6303093,1.0797301
BugueLeBugue,n'homme,,
TerrassonLavilledieuTerrasson,n'omé,45.12725558020806,1.3055338304557402
MontponEygurandeetGardedeuil,n'omé,45.0667127,0.1223086
TerrassonLavilledieuCondatsurVezere,home,45.11924,1.23644
BelvesSioracenPerigord,home,44.8212423,0.9867351
BuissondeCadouinUrval,home,,
SigoulesPomport,home,44.779941183963,0.418264778081384
DommeDaglan,ommé,44.7423944,1.1916025
SigoulesThenac,ommé,44.7503824626603,0.33968424052633
RiberacSaintMartindeRiberacbis,ommé,45.2364055605655,0.362250324465947
ChampagnacdeBelairChampagnacdeBelairbis,ommé,45.4010395256086,0.702643142829104
DommeFlorimontGaumier,hommi,44.6992521,1.2396126
DommeNabirat,homme,44.7537564,1.2980122
LaForceSaintGeorgesBlancaneix,homme,44.9198901,0.3495831
EymetSingleyrac,homme,44.7363132,0.4644315
EymetSadillac,homme,44.733967,0.4837678
VelinesBonneville,homme,44.8208,0.0797
VelinesLamotheMontravel,homme,44.8503948,0.0250918
VerteillacVendoire,homme,45.41487,0.30181
RiberacBourgduBost,homme,45.2719942,0.2564192
SaintAulayeChenaud,homme,45.2182371,0.1022408
SaintAulayeSaintPrivatdesPres,homme,45.2256148,0.2160787
SaintPardouxlaRiviereMontetChabroulet,homme,45.5931688086962,0.883753229809322
MonpazierGaugeac,n'ommé,44.66718801054,0.873637628541771
VillamblardVillamblard,òmè,45.0224081,0.5405512
LaForceMonfauconNordEst,nomet,44.932223,0.256038
EymetSainteInnocence,nhomé,44.7259019,0.4091296
IssigeacEyrenville,hōmě,44.7011133,0.5670064
BergeracCreysse,ômei,44.8566667,0.5666667
SigoulesPuyguilhem,homo,44.7323378,0.3518716
VerteillacGoutRossignol,h'homéï,45.4141667,0.385
RiberacChassaignes,hômei,45.2515435,0.2540075
RiberacSaintSulpicedeRoumagnac,nhommé,45.2049868,0.3938947
RiberacSaintMartindeRiberac,ommè,45.2297691,0.3586599
NeuvicDouzillac,hóme,45.0846627,0.4154039
SaintAulayeSaintAntoineCumond,haumè,45.2559621,0.1986112
MareuilRudeauLadosse,nômé,45.4795991,0.5509889
ThiviersEyzerac,homai,45.3883953,0.9203253
ThiviersSaintMartindeFressengeas,n'homè,45.4425829,0.8448102
ThiviersSaintPierredeCôle,hömé,45.37066,0.7922
ThiviersThiviers,hōmé,45.4183646,0.92088
NontronSaintEstephe,omei,45.5925,0.6633333
JumilhacleGrandSaintPierredeFrugiebis,hommoe,45.5796973844256,1.00321883040719
