all-poit-1240-1	Y 									ne 	seux 		pas 	dine 	avoure 	detre 	appellé 						votre 	feil 		et 	traitez 	mou 	comme 								"un
               "		de 		vous 	valets								.
all-poit-1240-2	Je 									ne 	sée 		pas 	capple 		detre 	appellé 						voute 	fils 	; 	fete 	moué 		comme 								a 	in 	de 		"vous
               "	valets								.
all-poit-1240-3	A 	lours 	quou 	y 	eto 	inquierre 	bin 	lin								, 	son 	pere 	lou 	vigui 						et 	itan 	touchi 	"di
               "	conpassiou	, 	courguit 					a 	li 	l	’	imbrassi									.
all-poit-1240-4				y 						ne 	seux 		pas 	capable 		dêtre 	appelle 						voute 	enfant	, 	traitai 	mo 		comme 								un 		"de
               "	voutes  		valets								.
all-5				you 	seû 	indigne 	d 	estre 	applla 	vote 	guais					, 	trété	-									me 	pr	-	insi 	qu					’	eun 	dos 	"valé
               "			qui 		sont 	à 	voté 			gages	.
all-6			et 	y 						ne 	sait 		pas 	digné 			d		’	être 	appela 		voutre 	fils 	; 	traita 		mé 	queume 	onye 	"dè
               "	voutès 	serviteurs 	què 										sont 	à 	voutès 			gages	.
all-7			et 	y 						ne 	seux 		pas 	daigne 			d		’	étre 		appella 	votre 	fils 	; 	traitais			-	me 	comme 	l				’	un 	"de
               "	vos 	serviteux 		qui 		sont 	à 	vos 			gages	.
all-limo-1246-8	Yau 	né 	sey 	pûs 										digné 			d		’	étré 	appellâ 		votre 	fis 	: 	tratâs 		mé 	coumô 								un 	"daus
               "	servitours 	qué 	sount 				à 	votrés 	gagées			.
all-limo-1246-9										ne 	mérité 		pas 				d	'	éssé 	péla 			votre 	drolé	. 	Fosez 				me 	coumo 						a 	d	'	uno 	dé 	"votras
               "	monobras							.
all-10	inne 	méritot 	pas 	qu								-	vous 	m					’	appeliat 	vouta 	drôle 			; 	y 	vous 	demandou 			mas 	"quvous
               "	me 	traitious 	mas 	qu				’	me 	vouté 	valet							.
all-11	hé 									ne 	sû 		pas 	digne 			d		’	etre 	vot 			enfant 	avisé 		me 	ma 	couma 			l				’	un 		de 	votti 	vâle									.
all-12			et 	é 						ne 	méritou 		pas 				d		’	éte 		appella 	vote 	garçon	, 	et 	traitez 			me 		coume 					un 		de 	"voti
               "	vâles									.
all-13	ai 									ne 	sais 	pû 		digne 		detre 	nouma 						voute 	garçou	, 	tretas 				me 	mas 	coume 	yun 						"de
               "	voutés 	valais 	:								
all-14			et 	y 						ne 	su 	pu 		digne 			d		’	etre 	souné 		voute 	fi	, 	fazé 				me 	drai 	coume 	a 	n		’	un 		de 			"vouté
               "	marcenaires							
all-15	Y 									ne 	sé 	pa 	fouait 	pa 	qu				’	ou 	me 	sounne 	voutre 	garçon 	tretés 								me 	queme 	iun 				"de
               "	voutros 	vâles 	qui 	sint 		à 	voutros 			gages	.
all-16		i 								ne 	merite 		pas 				d		’	etre 		appella 	votre 	enfant	. 	Traitas 				me 	comme 	iùn 	d			’	a 				"valais
               "		que 	sont 	à 	votrais 	gageais			.
all-17	Et 			y 						ne 	sait 		pas 	digne 		detre 						appella 	voutre 	fils	, 	traités 				me 		coume 	yun 					"de
               "	voutr	’	aux 	sarviteurs 	que 	sont 	a 	voutr	’	aux 	gages	.
all-18	Io 									ne 	merite 	pus 					d		’	iétre 	nouma 		votre 	gorçou	, 	tritas			-	me 	coumo 				iun 			daus 	"valeis
               "	quei 	sount 	o 	votreis 	gajieis						.
all-19	Y 									ne 	seux 	pû 		digne 			d		’	étre 		appella 	voutre 	fils 	; 	traitês 				me 	cóùme 	l				’	un 	"daux
               "	domestiqués 				que 	sont 	a 	voutrés 	gagés			.
all-20	Ey 									ne 	say 		pas 	digne 	auray 		d		’	aitre 		appella 	voutre 	fils 	: 	tretas 				me 		coume 	ïun 						"de
               "	voutray 	messageay									.
all-21	Je 	né 	sey 										pas 	digné 			d		’	êtré 	maï 	appella 	votré 	fils 	: 		traitas 	mé 	coumm							’	un 		"de
               "	votréis 	messagéis									.
all-22	Yaux 									ne 	sai 		pas 	digne 	auro	, 	de 			etre 		appella 	vouotre 	gorsou 	; 	tretas			-	me 	"coumo
               "	youn 							de 	vouotraix 	valaix									.
all-23			et 	y 						ne 	séis 	pus 		digne 			d		’	être 	appela 		votre 	fils	, 	trétés			-	me 		coume 					un 		de 							"votrés
               "	marcenaire			.
all-24	Y 									ne 	ses 		pas 	digné 	oro 	dêtre 	apela 						votre 	garsou	, 	mas 	traitas 	mé 	coumme 								un 		"de
               "	votre 	messageix									.
all-25				you 						ne 	saï 		pas 	dignié 	aüoro 		d		’	etré 	apéla 		votre 	fî 	;	tratâ 		mé 			coumo 						un 	"daüou
               "	servitour 	que 	vous 	avés 			à 	votrei 	gageï	. »		
all-26	You 									ne 	seis 		pas 	digne 	minteneint 		d		’	etre 		appella 	votre 	fis 	: 	traita 				me 	"coumo
               "	youn 							de 	votres 	domestiques									.
all-27			et 	you 						ne 	merite 	pu 	detropelo 										vouotre 	fils 	: 	treta 				me 	coumo 	ion 	"dou
               "	domestiquey 						que 	son 	o 	vouotrey 	gagey						.
all-29	Î	-								ne 	saie	-	pas 	digne 	astoure 		d		’	aietre 	appellé 		votre 	fîs	, 	traité			-	me 	que	-	me 		l	’	"un
               "		de 	votraie 	domestique									.
all-30				y 						ne 	séï 	pā 		digne 	a 	present 	d		’	éïtre 	appela 		votre 	enfan 	; 	trettā 				me 		coume 	ün 						"de
               "	votréï 	domestiquéï									.
all-31			et 	j					’	ne 	seùs 		pas 	à 	même 		d		’	etre 	appellé 		voutre 	fils 	; 	trétés 	me 	tant 	"seulement
               "			coume 					un 	y	-	un 	des 	valets 	que 	ve	-	zavés 	logé	. »		
all-32	Jam 	non 	sum 	dignus 	vocari 	filius 	tuus 																		: 	fac 							me 	sicut 	unum 				de 	mercénariis 	tuis									.
all-33	Heuh 	boujo 	et 	vân 	trouba 	soun 	paîré 	quoiq	’	heuh 	fisso 	en 	keirâ 	louen 	vê 	"travu
               "	per 	q	’	heuh 	paîré 	a 	ki 	heuh 	fît 	pitê 	; 	le 	paîré 	courr 	à 	l	’	i 	l	’		y 	souto 	ou 	câu 	"é
               "	l	’	embrasso 	de 	tout 	son 	cœur	.
all-34				y 						ne 	saìs 		pas 	digne 			d		’	etre 		appella 	voutre 	fils	. 	Traitâs 		mé 	coum							’	un 	"dau
               "	servitours 				que 	sont 	à 	votreì 	gagaìs	. »		
all-35	I 									ne 	sais 		pas 	digne 			d		’	etre 		appella 	votre 	fis	, 		traitas 			me 	comme 						un 	d		’	aû 	"valets
               "	que 	sont 	a 	votreis 	gageix			.
all-36	I 									ne 	mérite 		pas 				d		’	eïtre 	appela 		votre 	garçoû 		tretas 							me 	coûme 						un 						de 	"votreïs
               "	valeïs		.
all-37	Né 										mérité 	pû 					d		’	essé 	apéla 		votré 	meïnagé	. 	Fazés 		mé 	coûmo 	á 			d			’				un 	dé 						"votreïs
               "	oubriérs		.
all-38	I	-								ne 	sî 		pas 	digne 			d		’	etre 		appella 	votre 	garcoû	, 	tratais 		mé 						coûme 			un 		de 							"votrés
               "	valets			.
all-39	Ï 									ne 	saï 	pûs 	digno 				d		’	êtré 		appella 	votro 	enfan 	: 	trétâs 		mé 	coûmé 						l	’	un 	d		’	"au
               "	servitours 	qué 	sont 	a 		votreïs 	gageïs		.
all-40			et 	iaû 	ni 	seï 						pû 		digné 	"deisseï
               "	oppella 							votre 	fîs 	trétàs 			mé 	coùmé 						l	’	un 	d		’	au 	servitoûrs 	qué 	soûnt 	a 		"votreïs
               "	gageïs		.
all-41	Né 										mérité 	pû 	deïssé 								apéla 		votre 	effant	, 	mâs 	traitas 	mé 	coûmo 											uno 	dé 	"votras
               "	manobras							.
all-42	I 									ne 	sais 		pas 	digne 			d		’	etre 		appella 	vote 	garçoû 		traitais 		mé 						coûme 			un 		de 							"votrais
               "	vallets			.
all-43	I 									ne 	merite 	pus 					d		’	etre 		appella 	votre 	garçoû 		traitais 				me 		coume 					un 		de 							"votrais
               "	valets			.
all-44	Et 									ne 	sey 	pu 		digne 			d		’	être 		appella 	voute 	fil	. 	Tretame 						coume 	yun 						de 				"votreis
               "	serviteursss 	a 	votreis 	gagés			.
all-45	I 									ne 	sus 	pus 		digne 			d		’	être 		appella 	votre 	fils 	: 		traitas 	mé 				coume 								un 	"dus
               "	servitours 	que 	sont 	à 	votreis 	gageis			.
all-46	I 	né 				seï 						pûs 		digné 	déssé 	ápéla 							votré 	fïs	, 	traitâs 		mé 	coûmo 											uno 	dé 	"votras
               "	manobras							.
all-47	I 									ne 	mérite 	pû 					d		’	etre 		appella 	votre 	garçoû 		traitais 		mé 	coúme 								un 		de 							"votrais
               "	valets			.
all-48	Ï 									ne 	saï 		pas 	digné		, 	détré 				appela 		votre 	fïs	, 	trétas 		mé 			coumo 									un 	dé 						"votreïs
               "	valeïs		.
all-49	Et 	i 								ne 	merite 	plus 					d		’	etre 		appella 	votre 	garçoû	, 		traitas 						me 	coûme 			un 		de 	"votris
               "							valets			.
all-50	I 									ne 	seû 		pas 	digne 	de 	quétemps 	d		’	etre 		appella 	votre 	garçoû 		traitais 							me 	"coûme
               "	l	’	ûn 		de 							votrés 	servans			.
all-51	I 									ne 	mérite 		pas 				d		’	etre 	appellé 		votre 	enfant	, 	traités 							me 	coûme 			un 		de 	"votris
               "							valets			.
