1-stan-1290,,,,,,,,,,,,,Un,,,homme,,avait,deux,,,,fils,.
10-arto-1238,11,.,,,,,,,,,,,Eun,,,home,,avouoit,deux,,,,éfans,","
11-wall-1255,11,.,,,,,,,,,,,On,n',,oum,,avo,deu,s',,,afan,","
12-lorr-1242,11,.,,,,,,,,,,,Ain,,,oumme,,aiveu,daoz,,,,offans,;
13-lorr-1242,11,.,,,,,,,,,,,In,,,home,,avo,doux,,,,afans,;
14-lorr-1242,11,.,,,,,,,,,,,Ein,,,hame,,éva,dou,,,,gâchons,.
15-lorr-1242,11,.,,,,,,,,,,,In,,,am,,avou,dou,,,,fé,.
16-alem-1243,11,.,,,,,,,,,,,In,,,hanne,,aivait,doux,,,,fés,.
17-fran-1270,11,.,,,,,,,,,,,In,,,houme,,ava,dou,,,,boubes,.
18-fran-1270,11,.,,,,,,,,,,,In,,,homme,,avat,dous,,,,boubes,.
19-fran-1270,11,.,,,,,,,,,,,In,,,homme,,aivoit,doux,,,,guechons,.
2-auve-1239,11,. —,,,,,,,,,,,En,,,home,,aviot,dons,,,,efons,.
20-fran-1270,11,.,,,,,,,,,,,In,,,home,,èvoi,dù,,,,gaichons,.
21-fran-1270,11,.,,,,,,,,,,,Ein,,,homme,,aivot,deux,,,,gassons,.
22-fran-1270,11,.,,,,,,,,,,,N',,,houme,,aîva,clou,,,,offants,.
23-bour-1247,11,.,,,,,,,,,,,Ein,,,houme,,aivot,deux,,,,renfans,.
24-poit-1241,11,.,,,,,,,,,,,Un’,,,hom,,avîe,dou,,,,afan,.
25-limo-1246,11,.,,,,,,,,,,,Un,,,houmé,,avês,doûe,,,,enfans,.
26-poit-1241,11,.,,,,,,,,,,,In,,,houme,,avait,deux,,,,fait,.
27-poit-1241,11,.,,,,,,,,,,,In,,,houme,,ayant,deux,,cheuts,d',enfant,","
28-poit-1241,11,.,,,,,,,,,,,Yun,,,homme,,avet,deux,,,,enfans,.
29-poit-1241,11,.,,,,,,,,,,,In,,,houme,,avoil,deux,,cheut,d',enfant,.
3-wall-1255,11,.,,,,,,,,,,,In,,,homme,,aveut,deux,,,,fils,.
30-poit-1241,11,.,,,,,,,,,,,Un,,,homme,,avait,deu,,,,gouya,;
31-limo-1246,11,.,,,,,,,,,,,Un,,,home,,avait,deu,,,,ménages,.
32-limo-1246,11,.,,,,,,,,,,,Un,,,omé,,avo,dou,,,,efan,.
33-limo-1246,11,.,,,,,,,,,,,Un,,,home,,avio,doux,,,,fîs,.
34-lang-1309,11,.,,,,,,,,,,,Un,,,homé,,ovio,dous,,,,fils,.
35-limo-1246,11,.,Y,,a,vio,,,,,,,u,n',,haumé,qu',avio,doûe,,,,éfan,.
36-limo-1246,11,.,,,,,,,,,,,Un,,,haumé,,oguet,dous,,,,droleis,.
37-limo-1246,11,.,,,,,,,,,,,Un,,,omé,,avio,doux,,,,fis,.
38-auve-1239,11,.,,,,,,,,,,,Ein,,,home,z',ayo,dou,,,,garçon,.
39-lang-1309,11,.,,,,,,,,,,,Un,,,homme,,ôbio,dous,,,,fils,.
4-wall-1255,11,.,Jun,y,avéve,,,,,,,,oun,,,homme,qu',avéve,deux,,,,fils,.
40-lang-1309,11,.,,,,,,,,,,,Un,,,ouome,,obio,dous,,,,effons,.
41-lang-1309,11,.,,,,,,,,,,,Un,,,ôme,,abio,doux,,,,fils,.
42-limo-1246,11,.,,,,,,,,,,,Un,,,homme,,agut,dus,,,,gouyatz,.
43-gasc-1240,11,.,,,,,,,,,,,Un,,,home,qu',aougouc,dus,,,,hils,.
44-lang-1309,11,.,,,,,,,,,,,Un,,,ome,,abio,dous,,,,fils,.
45-lang-1309,11,.,,,,,,,,,,,Un,,,home,,aüec,dus,,,,hils,.
46-lang-1309,11,.,,,,,,,,,,,Un,,,homè,,abio,dous,,,,fils,.
47-lang-1309,11,.,,,,,,,,,,,Un,,certain,home,,ageg,dous,,,,gougeats,.
48-lang-1309,11,.,,,,,,,,,,,Un,,certain,home,,ageg,dons,,,,gougeats,.
49-cata-1291,11,.,,,,,,,,,,,Un,,,home,,tingue,dos,,,,tills,.
5-wall-1255,11,.,I,,nia,,ieu,one,fu,,,,on,,,homme,qui,aveuve,deux,,,,garçons,.
51-lang-1309,11,.,,,,,,,,,,,Un,,,hommé,,abio,dous,,,,mainachés,.
52-lang-1309,11,.,,,,,,,,,,,Un,,,homme,,abio,dons,,,,effans,.
53-lang-1309,11,.,,,,,,,,,,,Un,,,home,,abio,dous,,,,éfans,.
54-lang-1309,11,.,,,,,,,,,,,Un,,,homé,,abié,dous,,,,fils,.
55-lang-1309,11,.,,,,,,,,,,,Un,,,omè,,abio,dous,,,,fils,.
56-lang-1309,11,.,,,,,,,,,,,Un,,,hommé,,aviés,dous,,,,enfans,.
57-auve-1239,11,.,,,aviot,,,,,,,,un,,,homme,qu',avio,dous,,,,garçons,.
58-viva-1235,11,.,,,,,,,,,,,Un,,,home,,avio,dous,,,,fis,.
59-viva-1235,11,.,,,,,,,,,,,Quoqu,,,,,eyants,dous,,,,afans,.
6-wall-1255,11,.,,,,,,,,,,,Ein,n',,saqui,,avoa,deux,,,,fieux,.
60-prov-1235,11,.,,,,,,,,,,,Un,,,homë,,avié,dous,,,,garçouns,.
61-prov-1235,11,.,,,,,,,,,,,Un,,,ômé,,avié,dons,,,,efans,.
62-prov-1235,11,.,,,,,,,,,,,Un,,,hôme,,avie,dous,,,,enfans,.
63-prov-1235,11,.,,,,,,,,,,,Un,,,homé,,avié,dous,,,,enfans,.
64-prov-1235,11,.,,,,,,,,,,,Un,,,home,,avié,dous,,,,garçouns,.
65-viva-1235,11,.,,,,,,,,,,,Un,,,houmé,,avi,doux,,,,enfans,.
66-viva-1235,11,.,,,,,,,,,,,Un,,,homé,,avi,dous,,,,garçouns,.
67-viva-1235,11,.,,,,,,,,,,,Un,,certén,home,,avié,dons,,,,énfans,.
68-viva-1235,11,.,,,,,,,,,,,Un,,,hommet,,aguet,dous,,,,garçons,.
69-viva-1235,11,.,,,Ero,,,,,,,,ùn,,,homme,qu',ovio,doux,,,,éfons,.
7-camb-1242,11,.,,,,,,,,,,,Inn,,,hom,,avau,deux,,,,fius,.
70-viva-1235,11,.,,,,,,,,,,,Un,,sartem,homme,,aïe,dous,,,,garçons,.
71-fran-1269,11,.,,,,,,,,,,,On,n',,omo,,aveive,don,,,,meniots,","
72-fran-1269,11,.,,,,,,,,,,,On,,,omou,l',avei,dou,,,,valè,.
73-fran-1270,11,.,,,,,,,,,,,Enn,,,home,,avîe,do,,,,bouebes,.
74-stan-1289,11,.,,,,,,,,,,,Un,,,home,,ténia,dos,,,,fills,
75-fran-1270,11,.,,,,,,,,,,,On,,,ommo,,avai,dous,,,,valets,","
76-viva-1235,11,.,,,,,,,,,,,On,,,omo,,avai,dou,,,,garçons,.
77-viva-1235,11,.,,,,,,,,,,,Un,,,hommë,,avie,dons,,,,ënfans,.
78-roma-1326,11,.,,,,,,,,,,,Un,,,hom,,havaiva,duos,,,,filgs,.
79-roma-1326,11,.,,,,,,,,,,,Un,,tschert,ômm,,veva,duus,,,,filgs,.
8-arto-1238,11,.,,,,,,,,,,,Ain,,,homme,,avouait,deeux,,,,garchéons,.
80-lang-1309,11,.,,,,,,,,,,,Un,,,omë,,avié,dous,,,,éfans,.
81-fran-1269,11,.,,,,,,,,,,,On,,,ommo,li’,u,don,,,,fe,.
82-poit-1241,11,.,Oll',y,avait,,,,,in',fet,",",in',,,houme,qui,avait,deux,,,,faill,.
83-prov-1235,11,.,,,,,,,,,,,Un,,,hom’,,avié,dous,,,,enfans,.
84-norm-1245,11,.,,,,,,,,,,,Un,,,homme,,avait,deux,,,,éfans,;
85-prov-1235,11,.,,,,,,,,,,,Un,,,homo,,avié,dous,,,,enfans,.
86-prov-1235,11,.,,,,,,,,,,,Un,,,homou,,aveva,doui,,,,fanti,.
87-high-1290,11,.,,,,,,,,,,,Ain,,,home,,aive,do,,,,fils,.
88-fran-1270,11,.,,,,,,,,,,,In,,,baume,,avait,doux,,,,fés,.
89-fran-1270,11,.,,,,,,,,,,,In,,,home,,ayant,doux,,,,fés,","
90-fran-1270,11,.,,,,,,,,,,,In,,,home,,avait,doux,,,,fès,.
9-arto-1238,11,.,,,,,,,,,,,Un,,,Homme,,avo,deux,,,,fiu,.
