1-stan-1290	26	.		Il	appela	donc						un		des	serviteurs									,	et		lui					demanda				ce 	que 	c’			était																							.
2-auve-1239	26	. —			Sounét							én			doumestique										é		dy					demandét			quèsaco																													?
3-wall-1255	26	.		I	houke							onk		des	vârlets										et		ly					demande				çou	qu’	çoula				vont 	dire																					.
4-wall-1255	26	.	Et	i	houka							onque		des	siervans									,	et	il	li					demanda				çou	"k’
            "	c'			esteut						çoula																	.
5-wall-1255	26	.	Et	il	appelle							onque		des	vaurlets										et		li					d’mande				ci	"qui
            "	ça				v’ioit	dire																					.
6-wall-1255	26	.		I	crie		après					ein		des	varlets										et	i	li					demande				chu	"que
            "	ch’			est				que	tout	choa																	?
7-camb-1242	26	.		Il	huka	don						éen		de ses	varlets										et		li					d’méenda				chou	k’		il					avau																				.
8-arto-1238	26	.		Il	o crié							ch’			varlet										et					s’o ainquêté				d’	ii	chou	q’	"ch’
            "			étouait																							.
9-arto-1238	26	.		Il	a crié		après					un		ed ses	varlets		pou	 savor																		chou	qu’		i 	n’i				avo																				.
10-arto-1238	26	.		Il	cria	don						un		de ché	garchons										et		ly					demanda				ce	qui			"ni
"				avouët																				;
11-wall-1255	26	.	Y	l’	é houchi							unq		dé											e	y	ly					e dmendé				s’	qué	s’			esto																							.
12-lorr-1242	26	.	Y		houheu	don						ainque		des	valots									,	et		li					demaudeu				ce	"que
            "	ç’			oteu																							.
13-lorr-1242	26	.		I	hoïeu							in		des	valais										et		li					demandeu				ce	que	ç’			ato																							;
14-lorr-1242	26	.		I	hoyet	don						in		des	valats		po	savoi																		cqu’					sétaza																							.
15-lorr-1242	26	.		El	heché							in							de vaula						et		li					demandé				sou	que												sire															.
16-alem-1243	26	.	Et	ai l’	applai							nin		des	valats										et	ai y						demandai				so	"que
            "	c’			était																							.
17-fran-1270	26	.		Al	appella							un		des	valas										et		li					demanda				sa	que	c’			état																							.
18-fran-1270	26	.		Al	appelit							in		des	volots									,	a		li					demandit				cos	que	c’			éta 				que		sola																	.
20-fran-1270	26	.		El	épelai							ûn		dâs	vôlo	,	pou	seivoi																		ç'	que	ç’			ètoi				qu’	to    		ç'		Trein-lei														
21-fran-1270	26	.		ai l’	aippellai							ein		de ses	vauleus										et		l’y					demandai				"ce
            "	que	ç'			aitot																							.
22-fran-1270	26	.		L’	aippelait							l'un		das	sarviteurs										et		ly					demandet				ç’	que	c’			éta																							?
23-bour-1247	26	.		Ol	aipelé							l'ein		das	valots										et		ol y					demandé			quoi		qu’		y 					atol	que	tout	celai																	.
24-poit-1241	26	.		V’	app’lé							eun		deux	vâlé					de son paire				,	ét		li					demandé				"ce
            "	que	qu’													oîrre													.
26-poit-1241	26	.		Il	appelit							in		dez	valet										et		li					demandit				ce	qu’		ol		était																							.
29-poit-1241	26	.		Il	appelit							in		des	valet		pre				queneutre															ce	qu’		o	n’en n’	étoit																							.
30-poit-1241	26	.	Y		sounit							un		dey	valet							à qui			y							demandit				ce	que	queu			eytet																							.
31-limo-1246	26	.		I	sounit							un		des	valet										et		li					demmandit				san	qu’		ou l’		était																							.
33-limo-1246	26	.		Oôu	souné			aoussitôt				un		doôu	veleys									,	et		li					damandé			quo   		qué	qu’			éro																							.
34-lang-1309	26	.			Opéloit	doun						un		déous	domestiqués									,	et		i					domondoit			qu’						éro											oco												.
35-limo-1246	26	.		V'	appellé							eun		deue	valaîs					de soun paîré					é		li					damandé			quo		qué	qu’	ou		êro																							.
36-limo-1246	26	.		Au	opèlet							un		daûs	valeis										et	au	ly			disset			:		Quei									a								"co
            "												?
37-limo-1246	26	.		Au	appellé			aussitô				un		daus	serviteurs										et		ly					damandé				"ce
            "	qué	qué	quô		érô																							.
38-auve-1239	26	.		lau	brame							ein		dau	valei		po	saubre																		ce	que	quo	z’		ero																							.
39-lang-1309	26	.			Opelet							un			doum’stic										et		li					demondet						qu’			éro											oquo												.
40-lang-1309	26	.		El	sounèt							un		des	doumestiques		per	saoupre									del											qu'			ero											ocouo												.
41-lang-1309	26	.			Cridec							un		des	baylets										e		ye					demandée						qu’			éro											aco												.
42-limo-1246	26	.			Sounét							un		dos	beyletzély																	demandét				so		qu’			ère											aco												.
43-gasc-1240	26	.		É	apperec							un			baylet									,	el	qu’eou						demandée				ço		qu’			ero				que      	tout						aco												.
44-lang-1309	26	.		É	cridec							un		des	bailets										é		i					demandée						qu’			éro											co												.
45-lang-1309	26	.	Et		quirdec							un		des	baillets										et							demandée						qu’			eron												aqueros causos											.
46-lang-1309	26	.		El	appèlèc							un		dès	serbitous										et		ly					demandée				so		qu’			èro											aco												.
47-lang-1309	26	.	Et		crideg							un		des	baillets										et		ly					demandeg						qu’			ero					"tout
            "						aquo												.
48-lang-1309	26	.	Et		crideg							un		des	baillets										et		ly					demandeg						qu’			ero					"tout
            "						aquo												.
49-cata-1291	26	.	Y		crida							un			mosso									,	y		li					demana						que																cosa se passava										.
51-lang-1309	26	.			Cirdéc							un		das	bailets									,	et		y					démandéc						qué			éro											aco												.
52-lang-1309	26	.			Sounet							un			barlet										et		li					demandet		de							quero											aco												.
53-lang-1309	26	.			Sonna	doun						un			barlet										et		ye					demanda		de				qu’			és					tout    						aco												.
54-lang-1309	26	.			Apélét	dounc						un		des	bailets										et		ly					demandét					"que
            "																		signifiabo àquelo joyo									?
55-lang-1309	26	.	E		appelét							un		dès sous	barlets										a		caou					demandét		de				qu’			éro											acco												.
56-lang-1309	26	.			Sonnet							un		das	barles		per	saoupre										d’el						dé				qué			era											aco												.
57-auve-1239	26	.			Appelet							un		dous	veilets										et		lli					damandet		de				qu’			ére											aquo												.
58-viva-1235	26	.			Souné							un		dos	messagés		per	saoupré																de		le	ce	que			ero					tout						oquo												.
59-viva-1235	26	.		O	sonnait							unou		dou	valets										et		li					demandait				ce	qual	vque								tout						iquo												.
60-prov-1235	26	.			Souné							un		deï	variés									,	et		yé					demandé		de				qu’			ero											aco												.
61-prov-1235	26	.			Sounet	doun						un		dé sous	variés										ë		ië					demandet		dë				q’			ëro											aco												.
62-prov-1235	26	.			Demandet				a			un		deis	varlets																							que			ero											aquoto												.
63-prov-1235	26	.			Creidét							un		de sei	servitours									,	et		li					demandét				ce		qué			roé 					tout						aco												.
64-prov-1235	26	.			Apéllé							un		déï	varié	,	per	saoupré																d’éou		cé		qué			"érou
            "					tout						aco												.
65-viva-1235	26	.	Alors		crié							un		dé sei	variés										et		li					demandé						qu'			ero											aquelo 					festo							.
66-viva-1235	26	.			Apelé							un		dei	variés	,	per	saoupré																d’eou		cé		qu’			éro											aquo												.
67-viva-1235	26	.			Soune							un		déis	varléts	,									é		li					démandé				cé					quérie											aco												.
69-viva-1235	26	.			Sounè	dounc						ùn		dé sous	serviteurs										et		li					démondé				cé		qu’			érò																							.
70-viva-1235	26	.	Alors		appellec							un		des	varlets									,	et		ly					demandée						qu’			ero					tout						eco												?
71-fran-1269	26	.	È	l’	a appèlò							yon		des	domestiques		por	savey																de		lui	ciu     																					que cinteyve						.
72-fran-1269	26	.	Ye		dèmandè	frou						yon		dei	garson										è		lei	de					:																										Qu’è dan to ci tapadzo					?
74-stan-1289	26	.		Y	cridant				à			un		dels	criats									,			li					preguntâ	:					Que			era											allò												?
75-fran-1270	26	.	Et	il	cria							on		di	servetaux										et		l’ai					demanda				scen		Que														cire												.
76-viva-1235	26	.		Al	appella					tô de suite		on		de sou	vâlets									,	é		lui			desai								k’			etai																			ki avai				.
77-viva-1235	26	.			Appëlë	dounc						un		das	sarvitours									,	ët		li					dëmandë				ce		qu’			ère											aco												.
78-roma-1326	26	.	E		clamand							ün		dels	famalgs																s’informet el		,			che		que 			saia																							?
79-roma-1326	26	.	Et		clomét							ün		d’ils	servieints									,	et							dumondét	,			chia		quai			sea																							?
80-lang-1309	26	.			Sonné	doun						un		das	messajhes									,	é		li					demandé				ce		q’			ero											aco												.
81-fran-1269	26	.			Demanda	fro						l’on		di	dyèrshon										et		l’				intrèva							que	li’		îrè					to															schin			.
82-poit-1241	26	.		L’	app’lit						le bistreau qui sortait												pr’li aidaie à mettre lé buffs à l'éthiurie		et		le li					demondit				c’		quo	l’					iavait																				.
83-prov-1235	26	.			Appellé							un		de sei	servitours		per	saper																																												D’eou ce que si passavo		.
84-norm-1245	26	.		I	huchit							un		d’sé	gens										et		li					d'mandit				qu’	i	qu’c’			était											qu’cha												.
85-prov-1235	26	.			Souenet							un		deis	varlets										et		li			diguet			:			Que	es															aquo											"Que aussi
            "	?
86-prov-1235	26	.		Ou	chama	douca						un		dri seul	valleti									,	é		ou	gué				demanda				"cé
            "		qu’			era					tutou						aco												.
