1-stan-1290	32	. 	mais 			il 			fallait 										faire 				festin 		et 			nous 	réjouir		, 	parce que  		"votre
            "	frère 										était 	mort		, 	et 		il 		est ressuscité 		; 			il 			était 	perdu	,  	et 				il 			a été retrouvé			.
2-auve-1239	32	. — 							Tzadiot 					be 					faïre 				festa 		é 			se 	redzouzi		, 	par ço que  		toun 	"fraïre
            "										zèra 	mort 			é 				zes rassussita		, 						zèra 	pardu 		é 						s’	os  retrouba			.
3-wall-1255	32	.				I 			folève 					bin 			qu’	on 											fihe de l’joïe 			pusqui 		t’	frère 	qu’									esteut   	moir 		’					est raviqué 			qu’		il 			esteut 	pierdou 		et 	qu’			il 			est r’trové			.
4-wall-1255	32	.	Mais 			i 			faléve 										fé 				gasse 		et 			s’	diverti bravemin		, 	"pussku
            "		vos 	frere 					voci 					esteut 	moir 			et 	qu’	il 		est raviski 		; 	qu’		il 			esteut 	pierdou 		et 	qu’		voilà 				r’trové			.
5-wall-1255	32	.	Mais 			i 			falloit 					bain 					fe 		l’		fiesse 		et 			si 	r’djoïhi 			"pasqui
            "		vosse 	frère 										estoit 	mouart 																		et 	qu’			il 			est raviqué			.
7-camb-1242	32	.	Mais 						folau 										traiter 						et 			nos 	divertir 			parche ke		vos 	"frère
            "										étau 	mort 			et 	k’	il 		est ressuscité 		, 			il 			étau 	perdu 		et 				il 			est r‘treuvé			.
8-arto-1238	32	.	Maye 			i 			feaut 										fouaire 				ducasse 		et 			nous 	récréyer 			"à kiose
            "		tain 	frère 											défaincté 				qui 			r’est viveant		, 	qu’		il 			étoüait 	pardu 		et 	qu’			ol’			r’aveons			.
9-arto-1238	32	.	Mé 			y 			conveno 				d’						faire 			bonne 	chière 		et 		d’	no 	réjouir 		"
            "	vu q’		ten 	frère 	qui 									éto 	mort 							est réchuchilé		, 	qui 					éto 	perdu 		et 	qui 						est r’trouvé			.
10-arto-1238	32	.	Mais 			y 			falouët 										faire 				fricot 		et 			nous 	régalé 			parche que	"
            "	vous 	frère 										étouët 	mort 			et 		il 		est réchussitai 					il 			étouët 	pardu 		et 				il 			a été artreuvai  			.
11-wall-1255	32	.	Ma 			il 			fallût 										foire 				festin 		é 			nou 	réjouï 			pos’que		vos 	"frer
            "										esto 	mor 			é 		y 		revicq		, 			y 	l’		esto 	perdeu 		é 				y 			lésté retrouvé			.
12-lorr-1242	32	.	Ma 			y 			folleu 										farre 		lé 		fête 		et 			neu 	rejoii		, 	puisque 		"vôte
            "	fraire 										oteu 	mou		, 	et 			l’	ot ressuscitaye		, 				l’		oteu 	peudu 		et 					l’		ait eteu rétréuvaye   			.
13-lorr-1242	32	.	Ma 			i 			falo 										fare 		in 		fechtin 		et 			no 	réjoui		, 	parceque 		"vote
            "	frère						, 				ato 	moua 			et 			l’	a resuscité 		; 				l’		ato 	pediu 		et 					l’		a retrové			.
14-lorr-1242	32	.	Mès 						falaza 					bie 					fère 		in 		fechtin 		po 			no 	rejoï		, 	é case q’		"to
            "	frere 										éta 	mô 			et 				la ressucitet		, 						lela 	padiu 		et 							la ertrovet			.
15-lorr-1242	32	.	Me 			é 			falli 										far 				fechtin 		et 			sé 	rejoïé 			pesque 		vot 	frar 										"irè
            "	mor 			et 		e 	l’	eu ressuscitét		, 	é 					Tiré 	poëdi 		et 				é 	l’		at retrovet			.
16-alem-1243	32	.	Mais 			y 			fayait 										faire 		in 		festin 		et 			se 	rejoyié		, 	car 		"votre
            "	frère 										était 	moue 			et 		ai 	l’	a rechucitai 		; 	et 			l’		étuet 	preju 		et 				ai 	l’		a retrovai       			.
17-fran-1270	32	.	Mas 			a 			faya 					bain 					bonbancire 						et 			se 	rehgeuy 			parce que  		"veut
            "	frare 										état 	mo 					al 		a ressuscita 					al 			état 	petschut 		et 				a 		s’	ah retrova			.
18-fran-1270	32	.	Ma 			a 			falliat 					bin 					fare 		in 		fastin 	, 	a 			se 	redjôïr		, 	"poche que 
            "		ton 	frare 	que 				voila 					éta 	mo		, 			al 		o ressuscita		, 			al 			éta 	pedju	, 					al 			o retrova          			.
20-fran-1270	32	.	Failloi 											bin 					fare 		lè 		féte 		et 			nos 	rajoui 			puschequ’		"lou
            "	freiro 	qu’									étâ 	moue 							ô rassuscitâ		, 	qu’		èl 			etâ 	paju 		et 	qu’			èl 			ô retreuvâ			.
21-fran-1270	32	.	Ma 			ai 			fayot 										fare 				festin 		et 			nous 	baillé de lai joye		, 	ai cause que  		vote 	frere 										aito 	mo 			et 			l’	a ressuscitai 			et 			l’		aito 	paidu 		et 					l’		"a retrouvai
              "			.
22-fran-1270	32	.	Mai 			y 			failloue 										fare 				festin 		et 			nous 	raijoui 			parce que 		vouele 	frare 										éta 	moé 			et 	que 		l’	ot ressuscita 		, 				l’		étoué 	poudhiu 		et 					l’	"
              "	ot aivu retrouva			.
23-bour-1247	32	.	Mas 			o 			feillot 										fére 				fricot 		et 			se 	divartir		, 	car 		ton 	"frère
            "	que 				vchi 					étot 	mort 			et 		ol 		o vicant		, 			ol 			étot 	pardu 		et 				ol 			o retroué			.
24-poit-1241	32	.	Mais 			ou 			fauli 					bé 					feire 				fricot 		e 			se 	devenir		, 	parç’que		vot 	fraire 										erre 	maur 			et 	q’	v’		aîs ressuscita		, 	parç’que					êrre 	predu 		é 	q’						"v’ais retrouva
            "			.
26-poit-1241	32	.	Mais 			o 			fallait 					bin 					faire 				festin 		et 			nous 	divertit 		"
            "	à cause que		ton 	frère 	que 				velat 					était 	mort 			et 		il 		est revilé		, 			il 			était 	perdut 		"et
            "				il 			est retreuvé			.
29-poit-1241	32	.	Mees 			o 			fallait 					benn 					faire 		in 		festin 		et 			nous 	réjouit		",
            "	parceque 		ton 	frère 					chi 					era 	mort 							est revingut		, 	chi 					era 	prédit 		et 				il 			"est retrouvé
            "			.
30-poit-1241	32	.	Me 						falet 										faire 				fsten 		et 			nous 	deyvrti		, 	parce que 		voutre	fray 										eytet 	more 			et 		y 	l’	ey ressuscité		, 			y 	l’		eytet 	predu 		et 				y 	l’		"ey retrouvé
            "			.
31-limo-1246	32	.	Maîs 						faulait 					bé 					se festiné 						et 			se 	rejoyi 			mecéque 		"ton
            "	fray 										était 	mort 			et 		il 		est reçuscité 		; 			il 			était 	perdut 		et 				il 			est retrouvé			.
33-limo-1246	32	.	Mais 			oou 			foulio 					bé 					fais 				fêto	, 	et 			nous 	redjoouvi 			perço que  		toun 	fray 	que 				veyqui	, 				éro 	mort 			et 		oou 				, 			oou 			éro 	perdu 		et 				"oou
            "			ey retrouba			.
34-lang-1309	32	.	Mais 						collio 										fa 				festin 		et 			nus 	retzouï		, 	persoqué 		"vostré
            "	fraïré 	qu’es 				oqui 					éro 	mor 			et 				es réssuscitat		, 						éro 	perdut 		et 							es trouvat			.
35-limo-1246	32	.	Mâ 						faûllio 					bé 					fairé 				bounbanço	, 	ni mais 	bien 		s’	amusa		";
            "	perço qué 		vautré 	fraîré 										êro 	morr		, 			v’é 		ressuscitê 		: 	perço qué 		v’			êro 	perdu 		é 							v’é retroubê   			.
36-limo-1246	32	.							Faut 											"beuré, minjas
"				, 				t’	eybandis		, 	percé qué 		toun 	"fraï
            "	qu’									eiro 	mort 					eï 		révicoula		,	au 					eiro 	perdut 		et 				aû 			eïrétrouba			.
37-limo-1246	32	.	Mas 			aû 			foulio 					bé 					fa 		un 		festin 		et 			noû 	réjauvis		, 	parcé-qué		votré 	frai 	qué 				veiqui 					érô 	mor 			et 		au 		ei ressuscita		, 	au 					éro 	perdu 		et 				au 			"ei rétrouba
            "			.
38-auve-1239	32	.	Ma 			nous 			fouillô 										fayre 			bouno 	tsare 		et 			nous 	eicarbilla		",
            "	parce que 		votre 	frayre 	z’									ero 	mouo 			et 		ïau z’		ei rechucheto		, 			ïau 	z’		ero 	pardu 		"et
            "				ïau 			z’ei retroubo			.
39-lang-1309	32	.	Mais 						se cauïo 						reziouï 	et 			fa 				festo 								; 	pertaou que		"toun
            "	fraïre 										ero 	mor 			et 				es ressuscitat		, 						ero 	perdut 		et 							es trouvat			.
40-lang-1309	32	.	Mès 						colio 					be 					faire 		uno 		festo 		è 			nous 	rechouï 			"porceque
            "		bouostré 	frèro 	qu’									èro 	mouort 							es ressussitat		, 	qu’					èro 	perdut 		et 	que 					s’	és retroubat			.
41-lang-1309	32	.	Mès 						counvenio 				de 	be 	rojouï 	e 			fa 				festin 									de ço que		"toun
            "	frero 	qu’									ero 	mort 							es ressussitât		, 	qu’					ero 	perdut 		et 	qu’						es retroubat			.
42-limo-1246	32	.	Mé 						faléoue 										eze 				ribote 		é 			se 	rejouï 			percequé 		toun 	"fray
            "	qu’		es 	achiou 						ere 	mort 			et 				és ressuscitât 		; 							perdut 		é 							es retroubat			.
43-gasc-1240	32	.	Mes 					be 	caléoüo 										hé 				hésto 		et 			s’	arregaougi 			quand 		toun 	"fray
            "										ey 		tournât de mort 							en bito	, 									é 						s’	ey tournât trouba 	après 	s’este esgarat	.
44-lang-1309	32	.	Més 					be 	calio 						se regala 										é 			se 	rejoui 			dés qu’	aqueste 	"tiou
            "	fraire 										éro 	mort 			é 	qu’			es ressussitat 		; 	que 			s’		ero 	perdut 		é 	que 					s’	es troubat			.
45-lang-1309	32	.							Calio 		donc 								hè 				festin 		et 			se 	rejoui		, 	qûsqu’	aqueste 	"tou
            "	fray 										ero 	mort 			et 	qu’			é ressussitach 		; 						ero 	perduch 		et 						s’	é trouvach			.
46-lang-1309	32	.	Mais 						caillo 										fa 		un 		festin 		et 			nous 	réjoui 			perço què		bostré 	frayrè 										ero 	mort 			et 		èl 		ès ressuscitât		, 			èl 			èro 	perdut 		et 							ès estât retroubat      			.
47-lang-1309	32	.							Calio 		donc 								fe 				festo 		et 			se 	rejouir		, 	pramos que 	aquel 	"tou
            "	fraire 										ero 	mort 			et 				es ressucitat		, 						ero 	perdut 		et 						s’	es torubat			.
48-lang-1309	32	.							Calio 		donc 								fe 				festo 		et 			se 	rejouir		, 	pramos que 	aquel 	"tou
            "	fraire 										ero 	mort 			et 				es ressuscitât		, 						ero 	perdut 		et 						s’	es troubat			.
51-lang-1309	32	.							Caillo 		donne 								fairé 				festo								, 	parcé qué		tou 	frairé 										éro 	"mort
            "			et 				es resçussitat		, 						ero 	égarât 		et 					l’		aben rétroubat			.
52-lang-1309	32	.	Me	, 					caillo 					bé 					faire 				festo	, 	et 			se 	deberti 			parce que 		"toun
            "	fraïré 										ero 	mort 			et 	qu’			és ressuscitat		, 						ero 	perdut 		et 						s’	és troubat			.
54-lang-1309	32	.	Més 						calié 					be 					faire 				festin 		at 			se 	rejouï 			de co qué 		"toun
            "	fraïré 	qu’									éro 	mort 							es ressuscitat 											et 	que 				l’		aben retroubat 	aprep 	l’abé perdut 	.
55-lang-1309	32	.	Mè 						calio 					bè 					faïrè 		un 		rèpas 		é 			si 	rejouï 			parçochè 		"toun
            "	frero 	qu’		es 	acqui 						éro 	mort 			é 				ès ressuscitât		, 						éro 	perdut 		és 							es rètroubat			.
56-lang-1309	32	.	Mais 						fayet 										faire 			festa 			é 			nous 	réjoui		, 	perçéqué																																										
57-auve-1239	32	.	Ma 						tzoulio 					be 					faire 		un 		repas 		et 			nous 	"redzoudzir
            "			parceque 		toun 	fraïre 	que 	ve d’arriba 								ere 	mort		, 	é 				es tourna viou 		; 				s’		ere 	"perdiu
            "		et 						s’	es tourna trouba			.
58-viva-1235	32	.							Cholio			, pos men, 							faire 				festo 		é 			se 	diverti		, 	"perceque
            "				qu’									éro 	mouor 		’					és revengu 		; 	que			s’		éro 	chobit 		é 	que 					s’	"és rétrouba  
           "			.
59-viva-1235	32	.	Mais 						fouliot 						nous regala										et 			nous 	ebodir 			parceque 		"toun
            "	fréire 										eiré 	mor 			et 		o 	le 	ressuscita 					o 	l’		eiré 	pardu 		et 				ol’			é retrouva			.
60-prov-1235	32	.	Més 						fouyé 					ben 	se régala 	et 			faïre 				festo								, 	parce qué 		"voste
            "	fréro 										éro 	mor 			et 				és ressuscitat		, 						éro 	perdu 		et 							és			
61-prov-1235	32	.	Me 						fouie 					bén 					faire 				festin 		é 			se 	réjoui		, 	parçoqé 		"vostë
            "	frero 	q’		és 	aqi 						éro 	mor 			é 				es résuscita 		: 						éro 	perdu 									és ré trouva			.
62-prov-1235	32	.	May 																													quand 		toun 	frairé 	qu’										mouart 							a ressucitat 			"que
            "					ero 	pardu 		et 							ista retroubat		, a foougu faïre un festin et se regalar de soun arribado     	.
63-prov-1235	32	.	Maï 						fallié 						si regalar 	per 					un 	grand 	festin								, 	parce que 	"
            "	vouastré 	fraïré 	qu’		es 	aqui 						éro 	mouart 			et 				es révioudat		, 						éro 	perdu 		et 						s’	"és rétroubat
            "			.
64-prov-1235	32	.	Maï 						foüié 										faïré 			bone 	tziére 		é 			nou 	régala		, 	parcé qué	"
            "	toun 	frère 	qu’									érou 	mor 							éï rèssuscita		, 						érou 	perdu 		é 						s’	és atrouva			.
65-viva-1235	32	.	Mé 						fouli 						sé réjoui 	et 			faire 			buano 	chiéro 									de ce qué 		"toun
            "	freré 	qu’									éro 	mouart 							ei revengu àlavido		, 	et que					isten 	perdu	, 						l’		aven atrouba			.
66-viva-1235	32	.	Mé 						fouli 										faire 				festo 		é 			nous 	rejioui		, 	parcé qué 		vouasté	fréré 	qu’									éro 	mouar 							ei ressucita		, 	qu’					éro 	perdu 		é	qu’						ei rétrouva			.
67-viva-1235	32	.							Foulié 			pas mén 		bén 	sé régala 										é 			sé 	gooudî 			que 		"toun
            "	frairé 	dé			issi 						ère 	mouer 			é 				és révieouda		, 						avié 	péri 		é 							és rétrouba			.
69-viva-1235	32	.	Més 						folio 										fas 				fèto 		et 			nous 	redzouïs		, 	pércé qué 		"votré
            "	fréré 										ero 	mouort 				qu’			éi ressuscita		, 	qu’					ero 	pérdu 		et 	que 					s’	éi retrouva			.
70-viva-1235	32	.	Chalie 																far 		un 		festé 		et 			se 	rejouir		, 	parce que 		toun 	"frère
            "										ere 	mouert		, 	et 				es ressucitat		, 			er 			e 	perdu 		et 							es rétrouba			.
71-fran-1269	32	.	Mais 			è 			faliey 										fère 				fêta 									parce que 		voutrom 	frère 										èteyve 	mor 							e resuscito		, 	qu’					èteyve 	perdu 									é retrov			.
72-fran-1269	32	.	Mâ 				ne 		faliei-te 			pâ 			sè renovalâ										è 			sè 	redzoï		, 	apri que		ton 	frârè 										ètei 	mô 						l’	è ressuscitâ		, 	qu’					ètei 	pèrdu	, 	è 					l’		è retrova 			!
74-stan-1289	32	.	Mes 						rahò era 								que 		fissenc 		un 		convit	, 	y 			nos 	"alegrassera
            "			puix 		ton 	germà 										era 			, 			y 		ha ressuscitat 		; 				s’		havià 	perdut	, 		y 						ha estat trobat			.
75-fran-1270	32	.	Mâ 			il 			faillai 										fére 			bouna 	tzira 		et 			se 	radzoïr 			parce que 		ton 	frare 	que 				vaitinque 					ire 	moua 			et 		il 	lié 	retorna en vie		, 			il 	l’		iire 	perdu 		"et
            "				il 		sé 	retrova			.
76-viva-1235	32	.	Ma 			y 			fallai 					bein 					fare 			ounna 	faita 		é 			se 	réjuï		, 	pé 		"voutron
            "	frare 	che 				vaiquia 	; 		al 		étai 	mour 					al 		é ressuscita		, 			al 			étai 	pardu 						al 			é rétrova    			.
77-viva-1235	32	.	Mai 						fallie 					bèn 					faire 		un 		fëstin 		et 			nous 	rëjouir		, 	"parcequë 
            "		voustë 	frèrë 	que 				vëichi 					ere 	mouert 			ët 				ës rëssuscita		, 						ère 	pardu 		ët 							"ës rétrouba
            "			.
78-roma-1326	32	.	As 						couvain 				d’a 		s'allegrer 	e 	da 						festager				"
            "				, 	siand chia quist 		tieu 	frer 										eira 	mort 							ais returnô in vitta		, 						eira 	pers 		ed 							"ais rechiattò
            "			.
79-roma-1326	32	.	Mo 																									s’	alegrar convengiva		, 	perchia quest 		"tees
            "	frar 										éra 	mort 			et 				eis revivü		, 			el 			éra 	péri 		et 							eis chiatà			.
80-lang-1309	32	.	Més 						foulié 										faire 				boumbance 		é 			nous 	réjoui		, 	par so qé		voste 	frero 										éro 	mor 			é 				és ressuscita 		; 						éro 	perdu 		é 							és isla retrouba			.
81-fran-1269	32	.	Mâ		, tèmuin dè té, on ne puei pâ dè min quiè dè 																							"scbè
            "	rèdzoï		, 	dû 		ton 	frâre 							que 	li		irè 	moî 						li	è rèschuschitâ		, 	que 			li		îrè 	perdu 		"et
            "				li 			è retrova 			.
83-prov-1235	32	.	May 						fallé 										faire 				festo	, 	e 			nou 	rejouir 			parcequé 		vouostré	frero 										ero 	mouort 							ressuscita		, 	qu’					éro 	perdu 		e 	qu’						és retrouva			.
84-norm-1245	32	.							Fallais	i 		pas 		ben 	noçai 										et 			s’	mette d’ belle himeur		,	pisque 		ten 	frère 	que 				v’Ià 		qu’			était 	défunt 			qu’				est r’ssucitai 		; 		j’		l’	aviomes 		"perdu
            "		et 		le 	v’là				r’trouvai			.
85-prov-1235	32	.	Mai 						foulié 										fairé 		un 		noueço 		et 			si 	régalar 		; 	perce qué 	"
            "	vouestre 	fréro 										ero 	mouart 			et 				a ressuscitat		, 						ero 	perdut 		et 					l’		"aven retroubat
            "			.
86-prov-1235	32	.	Ma 			ou 			caillea 										far 				bounbança 		é 			se 	regalar 			"parcéqué
            "		vostrou 	frai 										era 	morto 			é 				fa rechuchitaou		, 						fera 	perduou 		é 				ou 		s’	"é rétrouvaou
            "			.
87-high-1290	32	.	Qu’			il i 			ere bein geouste 								qu’	él 											témoignisse de la geouye		, 	puisque 		son 	fils 										iere 	mort																	, 						l’		iere ressouscita			.
88-fran-1270	32	.	Qu’			èl 			était bin geute 								qu’												motreusch de lè geoë		, 	"iaint
            "		son 	fés 	qu’									était 	moë 							était ressiscilè																					.
89-fran-1270	32	.	Qu’			al 			ère bin geeute 								qu’												tèmoignisse du geoïe		",
            "	puisque 		son 	fès 	qu’									ère 	mort 																												.
90-fran-1270	32	.	Qu’			al 			était bin geute 								de 											se 	regeoir	 		vu que 		son 	"fés
            "	qu’								al croyait 		moe 							était ressuscitâ																					.
