mot,type,nom_lieu,geonames,identifiant,latitude,longitude
pays,region,Civray,3024846,all-poit-1240-1,46.1471,0.29509
pays,region,Châtellerault,3026141,all-poit-1240-2,46.8,0.53333
pais,region,Montmorillon,2992224,all-poit-1240-3,46.41667,0.66667
pé,region,Argenton-sur-Creuse,6452283,all-5,46.58889,1.51917
payis,region,La Châtre,3010153,all-6,46.58333,1.83333
pay,region,Le Blanc,3032422,all-7,46.66667,1.16667
pays/pâyis,region,Saint-Yrieix,2976546,all-limo-1246-8,45.51604,1.20569
poïs/poÿs,region,Haute-Vienne,3013719,all-limo-1246-9,45.83333,1.16667
pays,settlement,Saulcet,6425477,all-10,46.325,3.26222
pâïs,region,Mayet-de-Montagne,6455455,all-11,46.07083,3.66667
pa=is,settlement,Ferrières,3018620,all-12,46.02416,3.64783
päys,settlement,Montluçon,2992292,all-13,46.33333,2.6
pays,region,Lapalisse,6425373,all-14,46.24944,3.63722
pâ ÿ/pâÿs/pâys,settlement,Brugheas,6446531,all-15,46.07667,3.36778
pays,settlement,Ebreuil,6425349,all-16,46.11556,3.08667
payis/pays,settlement,Gannat,6425358,all-17,46.1,3.19833
paÿs/pays,region,Crocq,6454998,all-18,45.86806,2.36722
pais/païs,region,La Souterraine,6455686,all-19,46.23806,1.48556
pays,settlement,Champeix,6450343,all-20,45.58861,3.12889
païs,region,Bourganeuf,6447699,all-21,45.95361,1.75556
païs,settlement,Aubusson,6452196,all-22,45.95611,2.1675
païs,settlement,Saint-Sulpice-les-Champs,6429317,all-22,45.9954,2.0222
païs,settlement,Chénérailles,6447719,all-22,46.11194,2.17528
paï,settlement,Aubeterre,3036378,all-23,45.26667,0.16667
pays,region,Guéret,3014383,all-24,46.16667,1.86667
païs/paï,settlement,Gardes-le-Pontaroux,6427720,all-25,45.5193,0.305
païs/paï,settlement,Edon,6427704,all-25,45.48861,0.35417
poïs/païs,settlement,Gentioux,6616133,all-26,45.7848,1.9943
poïs/païs,settlement,La Courtine,6456776,all-26,45.70111,2.26361
po=y,settlement,Gioux,6614424,all-27,45.81,2.1221
pais,region,Montbron,6453706,all-28,45.66667,0.5
païs,settlement,Saint-Severin,6428119,all-29,46.08278,-0.42167
paÿ,settlement,Saint-Vaury,6429318,all-30,46.20389,1.75611
pays,settlement,Torsac,6427877,all-31,45.56333,0.21472
pays,settlement,Fouquebrune,6427716,all-31,45.52806,0.21083
pays,settlement,Confolens,6453698,all-32,46.01361,0.67222
pay,settlement,Confolens,6453698,all-33,46.01361,0.67222
pays/paï,settlement,Lavalette,6427862,all-34,45.38333,0.23333
pays,settlement,Arnac-la-Poste,6452577,all-35,46.26583,1.37389
païs,settlement,Bellac,6455315,all-36,46.12194,1.04944
païs/pays,settlement,Bessines-sur-Gartempe,6451687,all-37,46.10889,1.36833
païs,settlement,Bussière-Poitevine,3029429,all-38,46.23543,0.9053
païs/paï,settlement,Châteauponsac,6451708,all-39,46.13389,1.27611
poys/pays,settlement,Cieux,6451711,all-40,45.99167,1.04528
pays,settlement,Compreignac,6451712,all-41,45.99194,1.27472
païs,settlement,Darnac,6451717,all-42,46.22333,0.95972
peys,settlement,Dompierre-les-Églises,6451719,all-43,46.22583,1.25333
pais/païs,settlement,Jarnages,6429201,all-44,46.18111,2.08472
pa'-ïs/païs,settlement,La Rochefoucauld,6455620,all-45,45.74056,0.38611
païs/paï,settlement,Laurière,6455317,all-46,46.07639,1.47528
païs,settlement,Le Dorat,6457168,all-47,46.21528,1.08139
païs,settlement,Nouic,6445403,all-48,46.06,0.91972
pays,settlement,Saint-Léger-Magnazeix,6445444,all-49,46.2875,1.24694
pays,settlement,Saint-Martial-sur-Isop,6445447,all-50,46.16667,0.85
pays,settlement,Saint-Barbant,6445425,all-50,46.17194,0.84944
pays,settlement,Saint-Sulpice-les-Feuilles,6445462,all-51,46.31917,1.36806
